IXI002,/data-nas/brains/IXI_Dataset/interim_copy/IXI002/IXI002_t2.nii.gz
IXI012,/data-nas/brains/IXI_Dataset/interim_copy/IXI012/IXI012_t2.nii.gz
IXI013,/data-nas/brains/IXI_Dataset/interim_copy/IXI013/IXI013_t2.nii.gz
IXI014,/data-nas/brains/IXI_Dataset/interim_copy/IXI014/IXI014_t2.nii.gz
IXI015,/data-nas/brains/IXI_Dataset/interim_copy/IXI015/IXI015_t2.nii.gz
IXI016,/data-nas/brains/IXI_Dataset/interim_copy/IXI016/IXI016_t2.nii.gz
IXI017,/data-nas/brains/IXI_Dataset/interim_copy/IXI017/IXI017_t2.nii.gz
IXI019,/data-nas/brains/IXI_Dataset/interim_copy/IXI019/IXI019_t2.nii.gz
IXI020,/data-nas/brains/IXI_Dataset/interim_copy/IXI020/IXI020_t2.nii.gz
IXI021,/data-nas/brains/IXI_Dataset/interim_copy/IXI021/IXI021_t2.nii.gz
IXI022,/data-nas/brains/IXI_Dataset/interim_copy/IXI022/IXI022_t2.nii.gz
IXI023,/data-nas/brains/IXI_Dataset/interim_copy/IXI023/IXI023_t2.nii.gz
IXI024,/data-nas/brains/IXI_Dataset/interim_copy/IXI024/IXI024_t2.nii.gz
IXI025,/data-nas/brains/IXI_Dataset/interim_copy/IXI025/IXI025_t2.nii.gz
IXI026,/data-nas/brains/IXI_Dataset/interim_copy/IXI026/IXI026_t2.nii.gz
IXI027,/data-nas/brains/IXI_Dataset/interim_copy/IXI027/IXI027_t2.nii.gz
IXI028,/data-nas/brains/IXI_Dataset/interim_copy/IXI028/IXI028_t2.nii.gz
IXI029,/data-nas/brains/IXI_Dataset/interim_copy/IXI029/IXI029_t2.nii.gz
IXI030,/data-nas/brains/IXI_Dataset/interim_copy/IXI030/IXI030_t2.nii.gz
IXI031,/data-nas/brains/IXI_Dataset/interim_copy/IXI031/IXI031_t2.nii.gz
IXI033,/data-nas/brains/IXI_Dataset/interim_copy/IXI033/IXI033_t2.nii.gz
IXI034,/data-nas/brains/IXI_Dataset/interim_copy/IXI034/IXI034_t2.nii.gz
IXI035,/data-nas/brains/IXI_Dataset/interim_copy/IXI035/IXI035_t2.nii.gz
IXI036,/data-nas/brains/IXI_Dataset/interim_copy/IXI036/IXI036_t2.nii.gz
IXI037,/data-nas/brains/IXI_Dataset/interim_copy/IXI037/IXI037_t2.nii.gz
IXI038,/data-nas/brains/IXI_Dataset/interim_copy/IXI038/IXI038_t2.nii.gz
IXI039,/data-nas/brains/IXI_Dataset/interim_copy/IXI039/IXI039_t2.nii.gz
IXI040,/data-nas/brains/IXI_Dataset/interim_copy/IXI040/IXI040_t2.nii.gz
IXI041,/data-nas/brains/IXI_Dataset/interim_copy/IXI041/IXI041_t2.nii.gz
IXI042,/data-nas/brains/IXI_Dataset/interim_copy/IXI042/IXI042_t2.nii.gz
IXI043,/data-nas/brains/IXI_Dataset/interim_copy/IXI043/IXI043_t2.nii.gz
IXI044,/data-nas/brains/IXI_Dataset/interim_copy/IXI044/IXI044_t2.nii.gz
IXI045,/data-nas/brains/IXI_Dataset/interim_copy/IXI045/IXI045_t2.nii.gz
IXI046,/data-nas/brains/IXI_Dataset/interim_copy/IXI046/IXI046_t2.nii.gz
IXI048,/data-nas/brains/IXI_Dataset/interim_copy/IXI048/IXI048_t2.nii.gz
IXI049,/data-nas/brains/IXI_Dataset/interim_copy/IXI049/IXI049_t2.nii.gz
IXI050,/data-nas/brains/IXI_Dataset/interim_copy/IXI050/IXI050_t2.nii.gz
IXI051,/data-nas/brains/IXI_Dataset/interim_copy/IXI051/IXI051_t2.nii.gz
IXI052,/data-nas/brains/IXI_Dataset/interim_copy/IXI052/IXI052_t2.nii.gz
IXI053,/data-nas/brains/IXI_Dataset/interim_copy/IXI053/IXI053_t2.nii.gz
IXI054,/data-nas/brains/IXI_Dataset/interim_copy/IXI054/IXI054_t2.nii.gz
IXI055,/data-nas/brains/IXI_Dataset/interim_copy/IXI055/IXI055_t2.nii.gz
IXI056,/data-nas/brains/IXI_Dataset/interim_copy/IXI056/IXI056_t2.nii.gz
IXI057,/data-nas/brains/IXI_Dataset/interim_copy/IXI057/IXI057_t2.nii.gz
IXI058,/data-nas/brains/IXI_Dataset/interim_copy/IXI058/IXI058_t2.nii.gz
IXI059,/data-nas/brains/IXI_Dataset/interim_copy/IXI059/IXI059_t2.nii.gz
IXI060,/data-nas/brains/IXI_Dataset/interim_copy/IXI060/IXI060_t2.nii.gz
IXI061,/data-nas/brains/IXI_Dataset/interim_copy/IXI061/IXI061_t2.nii.gz
IXI062,/data-nas/brains/IXI_Dataset/interim_copy/IXI062/IXI062_t2.nii.gz
IXI063,/data-nas/brains/IXI_Dataset/interim_copy/IXI063/IXI063_t2.nii.gz
IXI064,/data-nas/brains/IXI_Dataset/interim_copy/IXI064/IXI064_t2.nii.gz
IXI065,/data-nas/brains/IXI_Dataset/interim_copy/IXI065/IXI065_t2.nii.gz
IXI066,/data-nas/brains/IXI_Dataset/interim_copy/IXI066/IXI066_t2.nii.gz
IXI067,/data-nas/brains/IXI_Dataset/interim_copy/IXI067/IXI067_t2.nii.gz
IXI068,/data-nas/brains/IXI_Dataset/interim_copy/IXI068/IXI068_t2.nii.gz
IXI069,/data-nas/brains/IXI_Dataset/interim_copy/IXI069/IXI069_t2.nii.gz
IXI070,/data-nas/brains/IXI_Dataset/interim_copy/IXI070/IXI070_t2.nii.gz
IXI071,/data-nas/brains/IXI_Dataset/interim_copy/IXI071/IXI071_t2.nii.gz
IXI072,/data-nas/brains/IXI_Dataset/interim_copy/IXI072/IXI072_t2.nii.gz
IXI073,/data-nas/brains/IXI_Dataset/interim_copy/IXI073/IXI073_t2.nii.gz
IXI074,/data-nas/brains/IXI_Dataset/interim_copy/IXI074/IXI074_t2.nii.gz
IXI075,/data-nas/brains/IXI_Dataset/interim_copy/IXI075/IXI075_t2.nii.gz
IXI076,/data-nas/brains/IXI_Dataset/interim_copy/IXI076/IXI076_t2.nii.gz
IXI077,/data-nas/brains/IXI_Dataset/interim_copy/IXI077/IXI077_t2.nii.gz
IXI078,/data-nas/brains/IXI_Dataset/interim_copy/IXI078/IXI078_t2.nii.gz
IXI079,/data-nas/brains/IXI_Dataset/interim_copy/IXI079/IXI079_t2.nii.gz
IXI080,/data-nas/brains/IXI_Dataset/interim_copy/IXI080/IXI080_t2.nii.gz
IXI081,/data-nas/brains/IXI_Dataset/interim_copy/IXI081/IXI081_t2.nii.gz
IXI083,/data-nas/brains/IXI_Dataset/interim_copy/IXI083/IXI083_t2.nii.gz
IXI084,/data-nas/brains/IXI_Dataset/interim_copy/IXI084/IXI084_t2.nii.gz
IXI085,/data-nas/brains/IXI_Dataset/interim_copy/IXI085/IXI085_t2.nii.gz
IXI086,/data-nas/brains/IXI_Dataset/interim_copy/IXI086/IXI086_t2.nii.gz
IXI087,/data-nas/brains/IXI_Dataset/interim_copy/IXI087/IXI087_t2.nii.gz
IXI088,/data-nas/brains/IXI_Dataset/interim_copy/IXI088/IXI088_t2.nii.gz
IXI089,/data-nas/brains/IXI_Dataset/interim_copy/IXI089/IXI089_t2.nii.gz
IXI090,/data-nas/brains/IXI_Dataset/interim_copy/IXI090/IXI090_t2.nii.gz
IXI091,/data-nas/brains/IXI_Dataset/interim_copy/IXI091/IXI091_t2.nii.gz
IXI092,/data-nas/brains/IXI_Dataset/interim_copy/IXI092/IXI092_t2.nii.gz
IXI093,/data-nas/brains/IXI_Dataset/interim_copy/IXI093/IXI093_t2.nii.gz
IXI094,/data-nas/brains/IXI_Dataset/interim_copy/IXI094/IXI094_t2.nii.gz
IXI095,/data-nas/brains/IXI_Dataset/interim_copy/IXI095/IXI095_t2.nii.gz
IXI096,/data-nas/brains/IXI_Dataset/interim_copy/IXI096/IXI096_t2.nii.gz
IXI097,/data-nas/brains/IXI_Dataset/interim_copy/IXI097/IXI097_t2.nii.gz
IXI098,/data-nas/brains/IXI_Dataset/interim_copy/IXI098/IXI098_t2.nii.gz
IXI099,/data-nas/brains/IXI_Dataset/interim_copy/IXI099/IXI099_t2.nii.gz
IXI100,/data-nas/brains/IXI_Dataset/interim_copy/IXI100/IXI100_t2.nii.gz
IXI101,/data-nas/brains/IXI_Dataset/interim_copy/IXI101/IXI101_t2.nii.gz
IXI102,/data-nas/brains/IXI_Dataset/interim_copy/IXI102/IXI102_t2.nii.gz
IXI103,/data-nas/brains/IXI_Dataset/interim_copy/IXI103/IXI103_t2.nii.gz
IXI104,/data-nas/brains/IXI_Dataset/interim_copy/IXI104/IXI104_t2.nii.gz
IXI105,/data-nas/brains/IXI_Dataset/interim_copy/IXI105/IXI105_t2.nii.gz
IXI106,/data-nas/brains/IXI_Dataset/interim_copy/IXI106/IXI106_t2.nii.gz
IXI107,/data-nas/brains/IXI_Dataset/interim_copy/IXI107/IXI107_t2.nii.gz
IXI108,/data-nas/brains/IXI_Dataset/interim_copy/IXI108/IXI108_t2.nii.gz
IXI109,/data-nas/brains/IXI_Dataset/interim_copy/IXI109/IXI109_t2.nii.gz
IXI110,/data-nas/brains/IXI_Dataset/interim_copy/IXI110/IXI110_t2.nii.gz
IXI111,/data-nas/brains/IXI_Dataset/interim_copy/IXI111/IXI111_t2.nii.gz
IXI112,/data-nas/brains/IXI_Dataset/interim_copy/IXI112/IXI112_t2.nii.gz
IXI113,/data-nas/brains/IXI_Dataset/interim_copy/IXI113/IXI113_t2.nii.gz
IXI114,/data-nas/brains/IXI_Dataset/interim_copy/IXI114/IXI114_t2.nii.gz
IXI115,/data-nas/brains/IXI_Dataset/interim_copy/IXI115/IXI115_t2.nii.gz
IXI117,/data-nas/brains/IXI_Dataset/interim_copy/IXI117/IXI117_t2.nii.gz
IXI118,/data-nas/brains/IXI_Dataset/interim_copy/IXI118/IXI118_t2.nii.gz
IXI119,/data-nas/brains/IXI_Dataset/interim_copy/IXI119/IXI119_t2.nii.gz
IXI120,/data-nas/brains/IXI_Dataset/interim_copy/IXI120/IXI120_t2.nii.gz
IXI121,/data-nas/brains/IXI_Dataset/interim_copy/IXI121/IXI121_t2.nii.gz
IXI122,/data-nas/brains/IXI_Dataset/interim_copy/IXI122/IXI122_t2.nii.gz
IXI123,/data-nas/brains/IXI_Dataset/interim_copy/IXI123/IXI123_t2.nii.gz
IXI126,/data-nas/brains/IXI_Dataset/interim_copy/IXI126/IXI126_t2.nii.gz
IXI127,/data-nas/brains/IXI_Dataset/interim_copy/IXI127/IXI127_t2.nii.gz
IXI128,/data-nas/brains/IXI_Dataset/interim_copy/IXI128/IXI128_t2.nii.gz
IXI129,/data-nas/brains/IXI_Dataset/interim_copy/IXI129/IXI129_t2.nii.gz
IXI130,/data-nas/brains/IXI_Dataset/interim_copy/IXI130/IXI130_t2.nii.gz
IXI131,/data-nas/brains/IXI_Dataset/interim_copy/IXI131/IXI131_t2.nii.gz
IXI132,/data-nas/brains/IXI_Dataset/interim_copy/IXI132/IXI132_t2.nii.gz
IXI134,/data-nas/brains/IXI_Dataset/interim_copy/IXI134/IXI134_t2.nii.gz
IXI135,/data-nas/brains/IXI_Dataset/interim_copy/IXI135/IXI135_t2.nii.gz
IXI136,/data-nas/brains/IXI_Dataset/interim_copy/IXI136/IXI136_t2.nii.gz
IXI137,/data-nas/brains/IXI_Dataset/interim_copy/IXI137/IXI137_t2.nii.gz
IXI138,/data-nas/brains/IXI_Dataset/interim_copy/IXI138/IXI138_t2.nii.gz
IXI139,/data-nas/brains/IXI_Dataset/interim_copy/IXI139/IXI139_t2.nii.gz
IXI140,/data-nas/brains/IXI_Dataset/interim_copy/IXI140/IXI140_t2.nii.gz
IXI141,/data-nas/brains/IXI_Dataset/interim_copy/IXI141/IXI141_t2.nii.gz
IXI142,/data-nas/brains/IXI_Dataset/interim_copy/IXI142/IXI142_t2.nii.gz
IXI143,/data-nas/brains/IXI_Dataset/interim_copy/IXI143/IXI143_t2.nii.gz
IXI144,/data-nas/brains/IXI_Dataset/interim_copy/IXI144/IXI144_t2.nii.gz
IXI145,/data-nas/brains/IXI_Dataset/interim_copy/IXI145/IXI145_t2.nii.gz
IXI146,/data-nas/brains/IXI_Dataset/interim_copy/IXI146/IXI146_t2.nii.gz
IXI148,/data-nas/brains/IXI_Dataset/interim_copy/IXI148/IXI148_t2.nii.gz
IXI150,/data-nas/brains/IXI_Dataset/interim_copy/IXI150/IXI150_t2.nii.gz
IXI151,/data-nas/brains/IXI_Dataset/interim_copy/IXI151/IXI151_t2.nii.gz
IXI153,/data-nas/brains/IXI_Dataset/interim_copy/IXI153/IXI153_t2.nii.gz
IXI154,/data-nas/brains/IXI_Dataset/interim_copy/IXI154/IXI154_t2.nii.gz
IXI156,/data-nas/brains/IXI_Dataset/interim_copy/IXI156/IXI156_t2.nii.gz
IXI157,/data-nas/brains/IXI_Dataset/interim_copy/IXI157/IXI157_t2.nii.gz
IXI158,/data-nas/brains/IXI_Dataset/interim_copy/IXI158/IXI158_t2.nii.gz
IXI159,/data-nas/brains/IXI_Dataset/interim_copy/IXI159/IXI159_t2.nii.gz
IXI160,/data-nas/brains/IXI_Dataset/interim_copy/IXI160/IXI160_t2.nii.gz
IXI161,/data-nas/brains/IXI_Dataset/interim_copy/IXI161/IXI161_t2.nii.gz
IXI162,/data-nas/brains/IXI_Dataset/interim_copy/IXI162/IXI162_t2.nii.gz
IXI163,/data-nas/brains/IXI_Dataset/interim_copy/IXI163/IXI163_t2.nii.gz
IXI164,/data-nas/brains/IXI_Dataset/interim_copy/IXI164/IXI164_t2.nii.gz
IXI165,/data-nas/brains/IXI_Dataset/interim_copy/IXI165/IXI165_t2.nii.gz
IXI166,/data-nas/brains/IXI_Dataset/interim_copy/IXI166/IXI166_t2.nii.gz
IXI167,/data-nas/brains/IXI_Dataset/interim_copy/IXI167/IXI167_t2.nii.gz
IXI168,/data-nas/brains/IXI_Dataset/interim_copy/IXI168/IXI168_t2.nii.gz
IXI169,/data-nas/brains/IXI_Dataset/interim_copy/IXI169/IXI169_t2.nii.gz
IXI170,/data-nas/brains/IXI_Dataset/interim_copy/IXI170/IXI170_t2.nii.gz
IXI172,/data-nas/brains/IXI_Dataset/interim_copy/IXI172/IXI172_t2.nii.gz
IXI173,/data-nas/brains/IXI_Dataset/interim_copy/IXI173/IXI173_t2.nii.gz
IXI174,/data-nas/brains/IXI_Dataset/interim_copy/IXI174/IXI174_t2.nii.gz
IXI175,/data-nas/brains/IXI_Dataset/interim_copy/IXI175/IXI175_t2.nii.gz
IXI176,/data-nas/brains/IXI_Dataset/interim_copy/IXI176/IXI176_t2.nii.gz
IXI177,/data-nas/brains/IXI_Dataset/interim_copy/IXI177/IXI177_t2.nii.gz
IXI178,/data-nas/brains/IXI_Dataset/interim_copy/IXI178/IXI178_t2.nii.gz
IXI179,/data-nas/brains/IXI_Dataset/interim_copy/IXI179/IXI179_t2.nii.gz
IXI180,/data-nas/brains/IXI_Dataset/interim_copy/IXI180/IXI180_t2.nii.gz
IXI181,/data-nas/brains/IXI_Dataset/interim_copy/IXI181/IXI181_t2.nii.gz
IXI183,/data-nas/brains/IXI_Dataset/interim_copy/IXI183/IXI183_t2.nii.gz
IXI184,/data-nas/brains/IXI_Dataset/interim_copy/IXI184/IXI184_t2.nii.gz
IXI185,/data-nas/brains/IXI_Dataset/interim_copy/IXI185/IXI185_t2.nii.gz
IXI186,/data-nas/brains/IXI_Dataset/interim_copy/IXI186/IXI186_t2.nii.gz
IXI188,/data-nas/brains/IXI_Dataset/interim_copy/IXI188/IXI188_t2.nii.gz
IXI189,/data-nas/brains/IXI_Dataset/interim_copy/IXI189/IXI189_t2.nii.gz
IXI191,/data-nas/brains/IXI_Dataset/interim_copy/IXI191/IXI191_t2.nii.gz
IXI192,/data-nas/brains/IXI_Dataset/interim_copy/IXI192/IXI192_t2.nii.gz
IXI193,/data-nas/brains/IXI_Dataset/interim_copy/IXI193/IXI193_t2.nii.gz
IXI194,/data-nas/brains/IXI_Dataset/interim_copy/IXI194/IXI194_t2.nii.gz
IXI195,/data-nas/brains/IXI_Dataset/interim_copy/IXI195/IXI195_t2.nii.gz
IXI196,/data-nas/brains/IXI_Dataset/interim_copy/IXI196/IXI196_t2.nii.gz
IXI197,/data-nas/brains/IXI_Dataset/interim_copy/IXI197/IXI197_t2.nii.gz
IXI198,/data-nas/brains/IXI_Dataset/interim_copy/IXI198/IXI198_t2.nii.gz
IXI199,/data-nas/brains/IXI_Dataset/interim_copy/IXI199/IXI199_t2.nii.gz
IXI200,/data-nas/brains/IXI_Dataset/interim_copy/IXI200/IXI200_t2.nii.gz
IXI201,/data-nas/brains/IXI_Dataset/interim_copy/IXI201/IXI201_t2.nii.gz
IXI202,/data-nas/brains/IXI_Dataset/interim_copy/IXI202/IXI202_t2.nii.gz
IXI204,/data-nas/brains/IXI_Dataset/interim_copy/IXI204/IXI204_t2.nii.gz
IXI205,/data-nas/brains/IXI_Dataset/interim_copy/IXI205/IXI205_t2.nii.gz
IXI206,/data-nas/brains/IXI_Dataset/interim_copy/IXI206/IXI206_t2.nii.gz
IXI207,/data-nas/brains/IXI_Dataset/interim_copy/IXI207/IXI207_t2.nii.gz
IXI208,/data-nas/brains/IXI_Dataset/interim_copy/IXI208/IXI208_t2.nii.gz
IXI209,/data-nas/brains/IXI_Dataset/interim_copy/IXI209/IXI209_t2.nii.gz
IXI210,/data-nas/brains/IXI_Dataset/interim_copy/IXI210/IXI210_t2.nii.gz
IXI211,/data-nas/brains/IXI_Dataset/interim_copy/IXI211/IXI211_t2.nii.gz
IXI212,/data-nas/brains/IXI_Dataset/interim_copy/IXI212/IXI212_t2.nii.gz
IXI213,/data-nas/brains/IXI_Dataset/interim_copy/IXI213/IXI213_t2.nii.gz
IXI214,/data-nas/brains/IXI_Dataset/interim_copy/IXI214/IXI214_t2.nii.gz
IXI216,/data-nas/brains/IXI_Dataset/interim_copy/IXI216/IXI216_t2.nii.gz
IXI217,/data-nas/brains/IXI_Dataset/interim_copy/IXI217/IXI217_t2.nii.gz
IXI218,/data-nas/brains/IXI_Dataset/interim_copy/IXI218/IXI218_t2.nii.gz
IXI219,/data-nas/brains/IXI_Dataset/interim_copy/IXI219/IXI219_t2.nii.gz
IXI221,/data-nas/brains/IXI_Dataset/interim_copy/IXI221/IXI221_t2.nii.gz
IXI222,/data-nas/brains/IXI_Dataset/interim_copy/IXI222/IXI222_t2.nii.gz
IXI223,/data-nas/brains/IXI_Dataset/interim_copy/IXI223/IXI223_t2.nii.gz
IXI224,/data-nas/brains/IXI_Dataset/interim_copy/IXI224/IXI224_t2.nii.gz
IXI225,/data-nas/brains/IXI_Dataset/interim_copy/IXI225/IXI225_t2.nii.gz
IXI226,/data-nas/brains/IXI_Dataset/interim_copy/IXI226/IXI226_t2.nii.gz
IXI227,/data-nas/brains/IXI_Dataset/interim_copy/IXI227/IXI227_t2.nii.gz
IXI228,/data-nas/brains/IXI_Dataset/interim_copy/IXI228/IXI228_t2.nii.gz
IXI229,/data-nas/brains/IXI_Dataset/interim_copy/IXI229/IXI229_t2.nii.gz
IXI230,/data-nas/brains/IXI_Dataset/interim_copy/IXI230/IXI230_t2.nii.gz
IXI231,/data-nas/brains/IXI_Dataset/interim_copy/IXI231/IXI231_t2.nii.gz
IXI232,/data-nas/brains/IXI_Dataset/interim_copy/IXI232/IXI232_t2.nii.gz
IXI233,/data-nas/brains/IXI_Dataset/interim_copy/IXI233/IXI233_t2.nii.gz
IXI234,/data-nas/brains/IXI_Dataset/interim_copy/IXI234/IXI234_t2.nii.gz
IXI236,/data-nas/brains/IXI_Dataset/interim_copy/IXI236/IXI236_t2.nii.gz
IXI237,/data-nas/brains/IXI_Dataset/interim_copy/IXI237/IXI237_t2.nii.gz
IXI238,/data-nas/brains/IXI_Dataset/interim_copy/IXI238/IXI238_t2.nii.gz
IXI239,/data-nas/brains/IXI_Dataset/interim_copy/IXI239/IXI239_t2.nii.gz
IXI240,/data-nas/brains/IXI_Dataset/interim_copy/IXI240/IXI240_t2.nii.gz
IXI241,/data-nas/brains/IXI_Dataset/interim_copy/IXI241/IXI241_t2.nii.gz
IXI242,/data-nas/brains/IXI_Dataset/interim_copy/IXI242/IXI242_t2.nii.gz
IXI244,/data-nas/brains/IXI_Dataset/interim_copy/IXI244/IXI244_t2.nii.gz
IXI246,/data-nas/brains/IXI_Dataset/interim_copy/IXI246/IXI246_t2.nii.gz
IXI247,/data-nas/brains/IXI_Dataset/interim_copy/IXI247/IXI247_t2.nii.gz
IXI248,/data-nas/brains/IXI_Dataset/interim_copy/IXI248/IXI248_t2.nii.gz
IXI249,/data-nas/brains/IXI_Dataset/interim_copy/IXI249/IXI249_t2.nii.gz
IXI250,/data-nas/brains/IXI_Dataset/interim_copy/IXI250/IXI250_t2.nii.gz
IXI251,/data-nas/brains/IXI_Dataset/interim_copy/IXI251/IXI251_t2.nii.gz
IXI252,/data-nas/brains/IXI_Dataset/interim_copy/IXI252/IXI252_t2.nii.gz
IXI253,/data-nas/brains/IXI_Dataset/interim_copy/IXI253/IXI253_t2.nii.gz
IXI254,/data-nas/brains/IXI_Dataset/interim_copy/IXI254/IXI254_t2.nii.gz
IXI255,/data-nas/brains/IXI_Dataset/interim_copy/IXI255/IXI255_t2.nii.gz
IXI256,/data-nas/brains/IXI_Dataset/interim_copy/IXI256/IXI256_t2.nii.gz
IXI257,/data-nas/brains/IXI_Dataset/interim_copy/IXI257/IXI257_t2.nii.gz
IXI258,/data-nas/brains/IXI_Dataset/interim_copy/IXI258/IXI258_t2.nii.gz
IXI259,/data-nas/brains/IXI_Dataset/interim_copy/IXI259/IXI259_t2.nii.gz
IXI260,/data-nas/brains/IXI_Dataset/interim_copy/IXI260/IXI260_t2.nii.gz
IXI261,/data-nas/brains/IXI_Dataset/interim_copy/IXI261/IXI261_t2.nii.gz
IXI262,/data-nas/brains/IXI_Dataset/interim_copy/IXI262/IXI262_t2.nii.gz
IXI263,/data-nas/brains/IXI_Dataset/interim_copy/IXI263/IXI263_t2.nii.gz
IXI264,/data-nas/brains/IXI_Dataset/interim_copy/IXI264/IXI264_t2.nii.gz
IXI265,/data-nas/brains/IXI_Dataset/interim_copy/IXI265/IXI265_t2.nii.gz
IXI266,/data-nas/brains/IXI_Dataset/interim_copy/IXI266/IXI266_t2.nii.gz
IXI267,/data-nas/brains/IXI_Dataset/interim_copy/IXI267/IXI267_t2.nii.gz
IXI268,/data-nas/brains/IXI_Dataset/interim_copy/IXI268/IXI268_t2.nii.gz
IXI269,/data-nas/brains/IXI_Dataset/interim_copy/IXI269/IXI269_t2.nii.gz
IXI270,/data-nas/brains/IXI_Dataset/interim_copy/IXI270/IXI270_t2.nii.gz
IXI274,/data-nas/brains/IXI_Dataset/interim_copy/IXI274/IXI274_t2.nii.gz
IXI275,/data-nas/brains/IXI_Dataset/interim_copy/IXI275/IXI275_t2.nii.gz
IXI276,/data-nas/brains/IXI_Dataset/interim_copy/IXI276/IXI276_t2.nii.gz
IXI277,/data-nas/brains/IXI_Dataset/interim_copy/IXI277/IXI277_t2.nii.gz
IXI278,/data-nas/brains/IXI_Dataset/interim_copy/IXI278/IXI278_t2.nii.gz
IXI279,/data-nas/brains/IXI_Dataset/interim_copy/IXI279/IXI279_t2.nii.gz
IXI280,/data-nas/brains/IXI_Dataset/interim_copy/IXI280/IXI280_t2.nii.gz
IXI282,/data-nas/brains/IXI_Dataset/interim_copy/IXI282/IXI282_t2.nii.gz
IXI284,/data-nas/brains/IXI_Dataset/interim_copy/IXI284/IXI284_t2.nii.gz
IXI285,/data-nas/brains/IXI_Dataset/interim_copy/IXI285/IXI285_t2.nii.gz
IXI286,/data-nas/brains/IXI_Dataset/interim_copy/IXI286/IXI286_t2.nii.gz
IXI287,/data-nas/brains/IXI_Dataset/interim_copy/IXI287/IXI287_t2.nii.gz
IXI288,/data-nas/brains/IXI_Dataset/interim_copy/IXI288/IXI288_t2.nii.gz
IXI289,/data-nas/brains/IXI_Dataset/interim_copy/IXI289/IXI289_t2.nii.gz
IXI290,/data-nas/brains/IXI_Dataset/interim_copy/IXI290/IXI290_t2.nii.gz
IXI291,/data-nas/brains/IXI_Dataset/interim_copy/IXI291/IXI291_t2.nii.gz
IXI292,/data-nas/brains/IXI_Dataset/interim_copy/IXI292/IXI292_t2.nii.gz
IXI293,/data-nas/brains/IXI_Dataset/interim_copy/IXI293/IXI293_t2.nii.gz
IXI294,/data-nas/brains/IXI_Dataset/interim_copy/IXI294/IXI294_t2.nii.gz
IXI295,/data-nas/brains/IXI_Dataset/interim_copy/IXI295/IXI295_t2.nii.gz
IXI296,/data-nas/brains/IXI_Dataset/interim_copy/IXI296/IXI296_t2.nii.gz
IXI297,/data-nas/brains/IXI_Dataset/interim_copy/IXI297/IXI297_t2.nii.gz
IXI298,/data-nas/brains/IXI_Dataset/interim_copy/IXI298/IXI298_t2.nii.gz
IXI299,/data-nas/brains/IXI_Dataset/interim_copy/IXI299/IXI299_t2.nii.gz
IXI300,/data-nas/brains/IXI_Dataset/interim_copy/IXI300/IXI300_t2.nii.gz
IXI302,/data-nas/brains/IXI_Dataset/interim_copy/IXI302/IXI302_t2.nii.gz
IXI303,/data-nas/brains/IXI_Dataset/interim_copy/IXI303/IXI303_t2.nii.gz
IXI304,/data-nas/brains/IXI_Dataset/interim_copy/IXI304/IXI304_t2.nii.gz
IXI305,/data-nas/brains/IXI_Dataset/interim_copy/IXI305/IXI305_t2.nii.gz
IXI306,/data-nas/brains/IXI_Dataset/interim_copy/IXI306/IXI306_t2.nii.gz
IXI307,/data-nas/brains/IXI_Dataset/interim_copy/IXI307/IXI307_t2.nii.gz
IXI308,/data-nas/brains/IXI_Dataset/interim_copy/IXI308/IXI308_t2.nii.gz
IXI310,/data-nas/brains/IXI_Dataset/interim_copy/IXI310/IXI310_t2.nii.gz
IXI311,/data-nas/brains/IXI_Dataset/interim_copy/IXI311/IXI311_t2.nii.gz
IXI312,/data-nas/brains/IXI_Dataset/interim_copy/IXI312/IXI312_t2.nii.gz
IXI313,/data-nas/brains/IXI_Dataset/interim_copy/IXI313/IXI313_t2.nii.gz
IXI314,/data-nas/brains/IXI_Dataset/interim_copy/IXI314/IXI314_t2.nii.gz
IXI315,/data-nas/brains/IXI_Dataset/interim_copy/IXI315/IXI315_t2.nii.gz
IXI316,/data-nas/brains/IXI_Dataset/interim_copy/IXI316/IXI316_t2.nii.gz
IXI317,/data-nas/brains/IXI_Dataset/interim_copy/IXI317/IXI317_t2.nii.gz
IXI318,/data-nas/brains/IXI_Dataset/interim_copy/IXI318/IXI318_t2.nii.gz
IXI319,/data-nas/brains/IXI_Dataset/interim_copy/IXI319/IXI319_t2.nii.gz
IXI320,/data-nas/brains/IXI_Dataset/interim_copy/IXI320/IXI320_t2.nii.gz
IXI321,/data-nas/brains/IXI_Dataset/interim_copy/IXI321/IXI321_t2.nii.gz
IXI322,/data-nas/brains/IXI_Dataset/interim_copy/IXI322/IXI322_t2.nii.gz
IXI324,/data-nas/brains/IXI_Dataset/interim_copy/IXI324/IXI324_t2.nii.gz
IXI325,/data-nas/brains/IXI_Dataset/interim_copy/IXI325/IXI325_t2.nii.gz
IXI326,/data-nas/brains/IXI_Dataset/interim_copy/IXI326/IXI326_t2.nii.gz
IXI327,/data-nas/brains/IXI_Dataset/interim_copy/IXI327/IXI327_t2.nii.gz
IXI328,/data-nas/brains/IXI_Dataset/interim_copy/IXI328/IXI328_t2.nii.gz
IXI329,/data-nas/brains/IXI_Dataset/interim_copy/IXI329/IXI329_t2.nii.gz
IXI330,/data-nas/brains/IXI_Dataset/interim_copy/IXI330/IXI330_t2.nii.gz
IXI331,/data-nas/brains/IXI_Dataset/interim_copy/IXI331/IXI331_t2.nii.gz
IXI332,/data-nas/brains/IXI_Dataset/interim_copy/IXI332/IXI332_t2.nii.gz
IXI333,/data-nas/brains/IXI_Dataset/interim_copy/IXI333/IXI333_t2.nii.gz
IXI334,/data-nas/brains/IXI_Dataset/interim_copy/IXI334/IXI334_t2.nii.gz
IXI335,/data-nas/brains/IXI_Dataset/interim_copy/IXI335/IXI335_t2.nii.gz
IXI336,/data-nas/brains/IXI_Dataset/interim_copy/IXI336/IXI336_t2.nii.gz
IXI337,/data-nas/brains/IXI_Dataset/interim_copy/IXI337/IXI337_t2.nii.gz
IXI338,/data-nas/brains/IXI_Dataset/interim_copy/IXI338/IXI338_t2.nii.gz
IXI340,/data-nas/brains/IXI_Dataset/interim_copy/IXI340/IXI340_t2.nii.gz
IXI341,/data-nas/brains/IXI_Dataset/interim_copy/IXI341/IXI341_t2.nii.gz
IXI342,/data-nas/brains/IXI_Dataset/interim_copy/IXI342/IXI342_t2.nii.gz
IXI344,/data-nas/brains/IXI_Dataset/interim_copy/IXI344/IXI344_t2.nii.gz
IXI345,/data-nas/brains/IXI_Dataset/interim_copy/IXI345/IXI345_t2.nii.gz
IXI347,/data-nas/brains/IXI_Dataset/interim_copy/IXI347/IXI347_t2.nii.gz
IXI348,/data-nas/brains/IXI_Dataset/interim_copy/IXI348/IXI348_t2.nii.gz
IXI350,/data-nas/brains/IXI_Dataset/interim_copy/IXI350/IXI350_t2.nii.gz
IXI351,/data-nas/brains/IXI_Dataset/interim_copy/IXI351/IXI351_t2.nii.gz
IXI353,/data-nas/brains/IXI_Dataset/interim_copy/IXI353/IXI353_t2.nii.gz
IXI354,/data-nas/brains/IXI_Dataset/interim_copy/IXI354/IXI354_t2.nii.gz
IXI356,/data-nas/brains/IXI_Dataset/interim_copy/IXI356/IXI356_t2.nii.gz
IXI357,/data-nas/brains/IXI_Dataset/interim_copy/IXI357/IXI357_t2.nii.gz
IXI358,/data-nas/brains/IXI_Dataset/interim_copy/IXI358/IXI358_t2.nii.gz
IXI359,/data-nas/brains/IXI_Dataset/interim_copy/IXI359/IXI359_t2.nii.gz
IXI360,/data-nas/brains/IXI_Dataset/interim_copy/IXI360/IXI360_t2.nii.gz
IXI361,/data-nas/brains/IXI_Dataset/interim_copy/IXI361/IXI361_t2.nii.gz
IXI362,/data-nas/brains/IXI_Dataset/interim_copy/IXI362/IXI362_t2.nii.gz
IXI363,/data-nas/brains/IXI_Dataset/interim_copy/IXI363/IXI363_t2.nii.gz
IXI364,/data-nas/brains/IXI_Dataset/interim_copy/IXI364/IXI364_t2.nii.gz
IXI365,/data-nas/brains/IXI_Dataset/interim_copy/IXI365/IXI365_t2.nii.gz
IXI367,/data-nas/brains/IXI_Dataset/interim_copy/IXI367/IXI367_t2.nii.gz
IXI368,/data-nas/brains/IXI_Dataset/interim_copy/IXI368/IXI368_t2.nii.gz
IXI369,/data-nas/brains/IXI_Dataset/interim_copy/IXI369/IXI369_t2.nii.gz
IXI370,/data-nas/brains/IXI_Dataset/interim_copy/IXI370/IXI370_t2.nii.gz
IXI371,/data-nas/brains/IXI_Dataset/interim_copy/IXI371/IXI371_t2.nii.gz
IXI372,/data-nas/brains/IXI_Dataset/interim_copy/IXI372/IXI372_t2.nii.gz
IXI373,/data-nas/brains/IXI_Dataset/interim_copy/IXI373/IXI373_t2.nii.gz
IXI375,/data-nas/brains/IXI_Dataset/interim_copy/IXI375/IXI375_t2.nii.gz
IXI376,/data-nas/brains/IXI_Dataset/interim_copy/IXI376/IXI376_t2.nii.gz
IXI377,/data-nas/brains/IXI_Dataset/interim_copy/IXI377/IXI377_t2.nii.gz
IXI378,/data-nas/brains/IXI_Dataset/interim_copy/IXI378/IXI378_t2.nii.gz
IXI379,/data-nas/brains/IXI_Dataset/interim_copy/IXI379/IXI379_t2.nii.gz
IXI380,/data-nas/brains/IXI_Dataset/interim_copy/IXI380/IXI380_t2.nii.gz
IXI381,/data-nas/brains/IXI_Dataset/interim_copy/IXI381/IXI381_t2.nii.gz
IXI382,/data-nas/brains/IXI_Dataset/interim_copy/IXI382/IXI382_t2.nii.gz
IXI383,/data-nas/brains/IXI_Dataset/interim_copy/IXI383/IXI383_t2.nii.gz
IXI384,/data-nas/brains/IXI_Dataset/interim_copy/IXI384/IXI384_t2.nii.gz
IXI385,/data-nas/brains/IXI_Dataset/interim_copy/IXI385/IXI385_t2.nii.gz
IXI386,/data-nas/brains/IXI_Dataset/interim_copy/IXI386/IXI386_t2.nii.gz
IXI387,/data-nas/brains/IXI_Dataset/interim_copy/IXI387/IXI387_t2.nii.gz
IXI388,/data-nas/brains/IXI_Dataset/interim_copy/IXI388/IXI388_t2.nii.gz
IXI389,/data-nas/brains/IXI_Dataset/interim_copy/IXI389/IXI389_t2.nii.gz
IXI390,/data-nas/brains/IXI_Dataset/interim_copy/IXI390/IXI390_t2.nii.gz
IXI391,/data-nas/brains/IXI_Dataset/interim_copy/IXI391/IXI391_t2.nii.gz
IXI392,/data-nas/brains/IXI_Dataset/interim_copy/IXI392/IXI392_t2.nii.gz
IXI393,/data-nas/brains/IXI_Dataset/interim_copy/IXI393/IXI393_t2.nii.gz
IXI394,/data-nas/brains/IXI_Dataset/interim_copy/IXI394/IXI394_t2.nii.gz
IXI395,/data-nas/brains/IXI_Dataset/interim_copy/IXI395/IXI395_t2.nii.gz
IXI396,/data-nas/brains/IXI_Dataset/interim_copy/IXI396/IXI396_t2.nii.gz
IXI397,/data-nas/brains/IXI_Dataset/interim_copy/IXI397/IXI397_t2.nii.gz
IXI398,/data-nas/brains/IXI_Dataset/interim_copy/IXI398/IXI398_t2.nii.gz
IXI399,/data-nas/brains/IXI_Dataset/interim_copy/IXI399/IXI399_t2.nii.gz
IXI400,/data-nas/brains/IXI_Dataset/interim_copy/IXI400/IXI400_t2.nii.gz
IXI401,/data-nas/brains/IXI_Dataset/interim_copy/IXI401/IXI401_t2.nii.gz
IXI402,/data-nas/brains/IXI_Dataset/interim_copy/IXI402/IXI402_t2.nii.gz
IXI403,/data-nas/brains/IXI_Dataset/interim_copy/IXI403/IXI403_t2.nii.gz
IXI404,/data-nas/brains/IXI_Dataset/interim_copy/IXI404/IXI404_t2.nii.gz
IXI405,/data-nas/brains/IXI_Dataset/interim_copy/IXI405/IXI405_t2.nii.gz
IXI406,/data-nas/brains/IXI_Dataset/interim_copy/IXI406/IXI406_t2.nii.gz
IXI407,/data-nas/brains/IXI_Dataset/interim_copy/IXI407/IXI407_t2.nii.gz
IXI408,/data-nas/brains/IXI_Dataset/interim_copy/IXI408/IXI408_t2.nii.gz
IXI409,/data-nas/brains/IXI_Dataset/interim_copy/IXI409/IXI409_t2.nii.gz
IXI410,/data-nas/brains/IXI_Dataset/interim_copy/IXI410/IXI410_t2.nii.gz
IXI411,/data-nas/brains/IXI_Dataset/interim_copy/IXI411/IXI411_t2.nii.gz
IXI412,/data-nas/brains/IXI_Dataset/interim_copy/IXI412/IXI412_t2.nii.gz
IXI413,/data-nas/brains/IXI_Dataset/interim_copy/IXI413/IXI413_t2.nii.gz
IXI414,/data-nas/brains/IXI_Dataset/interim_copy/IXI414/IXI414_t2.nii.gz
IXI415,/data-nas/brains/IXI_Dataset/interim_copy/IXI415/IXI415_t2.nii.gz
IXI416,/data-nas/brains/IXI_Dataset/interim_copy/IXI416/IXI416_t2.nii.gz
IXI417,/data-nas/brains/IXI_Dataset/interim_copy/IXI417/IXI417_t2.nii.gz
IXI418,/data-nas/brains/IXI_Dataset/interim_copy/IXI418/IXI418_t2.nii.gz
IXI419,/data-nas/brains/IXI_Dataset/interim_copy/IXI419/IXI419_t2.nii.gz
IXI420,/data-nas/brains/IXI_Dataset/interim_copy/IXI420/IXI420_t2.nii.gz
IXI422,/data-nas/brains/IXI_Dataset/interim_copy/IXI422/IXI422_t2.nii.gz
IXI423,/data-nas/brains/IXI_Dataset/interim_copy/IXI423/IXI423_t2.nii.gz
IXI424,/data-nas/brains/IXI_Dataset/interim_copy/IXI424/IXI424_t2.nii.gz
IXI425,/data-nas/brains/IXI_Dataset/interim_copy/IXI425/IXI425_t2.nii.gz
IXI426,/data-nas/brains/IXI_Dataset/interim_copy/IXI426/IXI426_t2.nii.gz
IXI427,/data-nas/brains/IXI_Dataset/interim_copy/IXI427/IXI427_t2.nii.gz
IXI428,/data-nas/brains/IXI_Dataset/interim_copy/IXI428/IXI428_t2.nii.gz
IXI429,/data-nas/brains/IXI_Dataset/interim_copy/IXI429/IXI429_t2.nii.gz
IXI430,/data-nas/brains/IXI_Dataset/interim_copy/IXI430/IXI430_t2.nii.gz
IXI431,/data-nas/brains/IXI_Dataset/interim_copy/IXI431/IXI431_t2.nii.gz
IXI432,/data-nas/brains/IXI_Dataset/interim_copy/IXI432/IXI432_t2.nii.gz
IXI433,/data-nas/brains/IXI_Dataset/interim_copy/IXI433/IXI433_t2.nii.gz
IXI434,/data-nas/brains/IXI_Dataset/interim_copy/IXI434/IXI434_t2.nii.gz
IXI435,/data-nas/brains/IXI_Dataset/interim_copy/IXI435/IXI435_t2.nii.gz
IXI436,/data-nas/brains/IXI_Dataset/interim_copy/IXI436/IXI436_t2.nii.gz
IXI437,/data-nas/brains/IXI_Dataset/interim_copy/IXI437/IXI437_t2.nii.gz
IXI438,/data-nas/brains/IXI_Dataset/interim_copy/IXI438/IXI438_t2.nii.gz
IXI439,/data-nas/brains/IXI_Dataset/interim_copy/IXI439/IXI439_t2.nii.gz
IXI440,/data-nas/brains/IXI_Dataset/interim_copy/IXI440/IXI440_t2.nii.gz
IXI441,/data-nas/brains/IXI_Dataset/interim_copy/IXI441/IXI441_t2.nii.gz
IXI442,/data-nas/brains/IXI_Dataset/interim_copy/IXI442/IXI442_t2.nii.gz
IXI443,/data-nas/brains/IXI_Dataset/interim_copy/IXI443/IXI443_t2.nii.gz
IXI444,/data-nas/brains/IXI_Dataset/interim_copy/IXI444/IXI444_t2.nii.gz
IXI445,/data-nas/brains/IXI_Dataset/interim_copy/IXI445/IXI445_t2.nii.gz
IXI446,/data-nas/brains/IXI_Dataset/interim_copy/IXI446/IXI446_t2.nii.gz
IXI447,/data-nas/brains/IXI_Dataset/interim_copy/IXI447/IXI447_t2.nii.gz
IXI448,/data-nas/brains/IXI_Dataset/interim_copy/IXI448/IXI448_t2.nii.gz
IXI449,/data-nas/brains/IXI_Dataset/interim_copy/IXI449/IXI449_t2.nii.gz
IXI450,/data-nas/brains/IXI_Dataset/interim_copy/IXI450/IXI450_t2.nii.gz
IXI451,/data-nas/brains/IXI_Dataset/interim_copy/IXI451/IXI451_t2.nii.gz
IXI452,/data-nas/brains/IXI_Dataset/interim_copy/IXI452/IXI452_t2.nii.gz
IXI453,/data-nas/brains/IXI_Dataset/interim_copy/IXI453/IXI453_t2.nii.gz
IXI454,/data-nas/brains/IXI_Dataset/interim_copy/IXI454/IXI454_t2.nii.gz
IXI455,/data-nas/brains/IXI_Dataset/interim_copy/IXI455/IXI455_t2.nii.gz
IXI456,/data-nas/brains/IXI_Dataset/interim_copy/IXI456/IXI456_t2.nii.gz
IXI457,/data-nas/brains/IXI_Dataset/interim_copy/IXI457/IXI457_t2.nii.gz
IXI458,/data-nas/brains/IXI_Dataset/interim_copy/IXI458/IXI458_t2.nii.gz
IXI459,/data-nas/brains/IXI_Dataset/interim_copy/IXI459/IXI459_t2.nii.gz
IXI460,/data-nas/brains/IXI_Dataset/interim_copy/IXI460/IXI460_t2.nii.gz
IXI461,/data-nas/brains/IXI_Dataset/interim_copy/IXI461/IXI461_t2.nii.gz
IXI462,/data-nas/brains/IXI_Dataset/interim_copy/IXI462/IXI462_t2.nii.gz
IXI463,/data-nas/brains/IXI_Dataset/interim_copy/IXI463/IXI463_t2.nii.gz
IXI464,/data-nas/brains/IXI_Dataset/interim_copy/IXI464/IXI464_t2.nii.gz
IXI465,/data-nas/brains/IXI_Dataset/interim_copy/IXI465/IXI465_t2.nii.gz
IXI467,/data-nas/brains/IXI_Dataset/interim_copy/IXI467/IXI467_t2.nii.gz
IXI468,/data-nas/brains/IXI_Dataset/interim_copy/IXI468/IXI468_t2.nii.gz
IXI469,/data-nas/brains/IXI_Dataset/interim_copy/IXI469/IXI469_t2.nii.gz
IXI470,/data-nas/brains/IXI_Dataset/interim_copy/IXI470/IXI470_t2.nii.gz
IXI473,/data-nas/brains/IXI_Dataset/interim_copy/IXI473/IXI473_t2.nii.gz
IXI474,/data-nas/brains/IXI_Dataset/interim_copy/IXI474/IXI474_t2.nii.gz
IXI475,/data-nas/brains/IXI_Dataset/interim_copy/IXI475/IXI475_t2.nii.gz
IXI476,/data-nas/brains/IXI_Dataset/interim_copy/IXI476/IXI476_t2.nii.gz
IXI477,/data-nas/brains/IXI_Dataset/interim_copy/IXI477/IXI477_t2.nii.gz
IXI478,/data-nas/brains/IXI_Dataset/interim_copy/IXI478/IXI478_t2.nii.gz
IXI479,/data-nas/brains/IXI_Dataset/interim_copy/IXI479/IXI479_t2.nii.gz
IXI480,/data-nas/brains/IXI_Dataset/interim_copy/IXI480/IXI480_t2.nii.gz
IXI481,/data-nas/brains/IXI_Dataset/interim_copy/IXI481/IXI481_t2.nii.gz
IXI482,/data-nas/brains/IXI_Dataset/interim_copy/IXI482/IXI482_t2.nii.gz
IXI483,/data-nas/brains/IXI_Dataset/interim_copy/IXI483/IXI483_t2.nii.gz
IXI484,/data-nas/brains/IXI_Dataset/interim_copy/IXI484/IXI484_t2.nii.gz
IXI485,/data-nas/brains/IXI_Dataset/interim_copy/IXI485/IXI485_t2.nii.gz
IXI486,/data-nas/brains/IXI_Dataset/interim_copy/IXI486/IXI486_t2.nii.gz
IXI487,/data-nas/brains/IXI_Dataset/interim_copy/IXI487/IXI487_t2.nii.gz
IXI488,/data-nas/brains/IXI_Dataset/interim_copy/IXI488/IXI488_t2.nii.gz
IXI489,/data-nas/brains/IXI_Dataset/interim_copy/IXI489/IXI489_t2.nii.gz
IXI490,/data-nas/brains/IXI_Dataset/interim_copy/IXI490/IXI490_t2.nii.gz
IXI491,/data-nas/brains/IXI_Dataset/interim_copy/IXI491/IXI491_t2.nii.gz
IXI492,/data-nas/brains/IXI_Dataset/interim_copy/IXI492/IXI492_t2.nii.gz
IXI493,/data-nas/brains/IXI_Dataset/interim_copy/IXI493/IXI493_t2.nii.gz
IXI494,/data-nas/brains/IXI_Dataset/interim_copy/IXI494/IXI494_t2.nii.gz
IXI495,/data-nas/brains/IXI_Dataset/interim_copy/IXI495/IXI495_t2.nii.gz
IXI496,/data-nas/brains/IXI_Dataset/interim_copy/IXI496/IXI496_t2.nii.gz
IXI497,/data-nas/brains/IXI_Dataset/interim_copy/IXI497/IXI497_t2.nii.gz
IXI498,/data-nas/brains/IXI_Dataset/interim_copy/IXI498/IXI498_t2.nii.gz
IXI499,/data-nas/brains/IXI_Dataset/interim_copy/IXI499/IXI499_t2.nii.gz
IXI501,/data-nas/brains/IXI_Dataset/interim_copy/IXI501/IXI501_t2.nii.gz
IXI502,/data-nas/brains/IXI_Dataset/interim_copy/IXI502/IXI502_t2.nii.gz
IXI503,/data-nas/brains/IXI_Dataset/interim_copy/IXI503/IXI503_t2.nii.gz
IXI504,/data-nas/brains/IXI_Dataset/interim_copy/IXI504/IXI504_t2.nii.gz
IXI505,/data-nas/brains/IXI_Dataset/interim_copy/IXI505/IXI505_t2.nii.gz
IXI506,/data-nas/brains/IXI_Dataset/interim_copy/IXI506/IXI506_t2.nii.gz
IXI507,/data-nas/brains/IXI_Dataset/interim_copy/IXI507/IXI507_t2.nii.gz
IXI508,/data-nas/brains/IXI_Dataset/interim_copy/IXI508/IXI508_t2.nii.gz
IXI510,/data-nas/brains/IXI_Dataset/interim_copy/IXI510/IXI510_t2.nii.gz
IXI511,/data-nas/brains/IXI_Dataset/interim_copy/IXI511/IXI511_t2.nii.gz
IXI512,/data-nas/brains/IXI_Dataset/interim_copy/IXI512/IXI512_t2.nii.gz
IXI515,/data-nas/brains/IXI_Dataset/interim_copy/IXI515/IXI515_t2.nii.gz
IXI516,/data-nas/brains/IXI_Dataset/interim_copy/IXI516/IXI516_t2.nii.gz
IXI517,/data-nas/brains/IXI_Dataset/interim_copy/IXI517/IXI517_t2.nii.gz
IXI518,/data-nas/brains/IXI_Dataset/interim_copy/IXI518/IXI518_t2.nii.gz
IXI519,/data-nas/brains/IXI_Dataset/interim_copy/IXI519/IXI519_t2.nii.gz
IXI521,/data-nas/brains/IXI_Dataset/interim_copy/IXI521/IXI521_t2.nii.gz
IXI522,/data-nas/brains/IXI_Dataset/interim_copy/IXI522/IXI522_t2.nii.gz
IXI523,/data-nas/brains/IXI_Dataset/interim_copy/IXI523/IXI523_t2.nii.gz
IXI524,/data-nas/brains/IXI_Dataset/interim_copy/IXI524/IXI524_t2.nii.gz
IXI525,/data-nas/brains/IXI_Dataset/interim_copy/IXI525/IXI525_t2.nii.gz
IXI526,/data-nas/brains/IXI_Dataset/interim_copy/IXI526/IXI526_t2.nii.gz
IXI527,/data-nas/brains/IXI_Dataset/interim_copy/IXI527/IXI527_t2.nii.gz
IXI528,/data-nas/brains/IXI_Dataset/interim_copy/IXI528/IXI528_t2.nii.gz
IXI531,/data-nas/brains/IXI_Dataset/interim_copy/IXI531/IXI531_t2.nii.gz
IXI532,/data-nas/brains/IXI_Dataset/interim_copy/IXI532/IXI532_t2.nii.gz
IXI533,/data-nas/brains/IXI_Dataset/interim_copy/IXI533/IXI533_t2.nii.gz
IXI534,/data-nas/brains/IXI_Dataset/interim_copy/IXI534/IXI534_t2.nii.gz
IXI535,/data-nas/brains/IXI_Dataset/interim_copy/IXI535/IXI535_t2.nii.gz
IXI536,/data-nas/brains/IXI_Dataset/interim_copy/IXI536/IXI536_t2.nii.gz
IXI537,/data-nas/brains/IXI_Dataset/interim_copy/IXI537/IXI537_t2.nii.gz
IXI538,/data-nas/brains/IXI_Dataset/interim_copy/IXI538/IXI538_t2.nii.gz
IXI539,/data-nas/brains/IXI_Dataset/interim_copy/IXI539/IXI539_t2.nii.gz
IXI541,/data-nas/brains/IXI_Dataset/interim_copy/IXI541/IXI541_t2.nii.gz
IXI542,/data-nas/brains/IXI_Dataset/interim_copy/IXI542/IXI542_t2.nii.gz
IXI543,/data-nas/brains/IXI_Dataset/interim_copy/IXI543/IXI543_t2.nii.gz
IXI544,/data-nas/brains/IXI_Dataset/interim_copy/IXI544/IXI544_t2.nii.gz
IXI546,/data-nas/brains/IXI_Dataset/interim_copy/IXI546/IXI546_t2.nii.gz
IXI547,/data-nas/brains/IXI_Dataset/interim_copy/IXI547/IXI547_t2.nii.gz
IXI548,/data-nas/brains/IXI_Dataset/interim_copy/IXI548/IXI548_t2.nii.gz
IXI549,/data-nas/brains/IXI_Dataset/interim_copy/IXI549/IXI549_t2.nii.gz
IXI550,/data-nas/brains/IXI_Dataset/interim_copy/IXI550/IXI550_t2.nii.gz
IXI551,/data-nas/brains/IXI_Dataset/interim_copy/IXI551/IXI551_t2.nii.gz
IXI552,/data-nas/brains/IXI_Dataset/interim_copy/IXI552/IXI552_t2.nii.gz
IXI553,/data-nas/brains/IXI_Dataset/interim_copy/IXI553/IXI553_t2.nii.gz
IXI554,/data-nas/brains/IXI_Dataset/interim_copy/IXI554/IXI554_t2.nii.gz
IXI555,/data-nas/brains/IXI_Dataset/interim_copy/IXI555/IXI555_t2.nii.gz
IXI556,/data-nas/brains/IXI_Dataset/interim_copy/IXI556/IXI556_t2.nii.gz
IXI558,/data-nas/brains/IXI_Dataset/interim_copy/IXI558/IXI558_t2.nii.gz
IXI559,/data-nas/brains/IXI_Dataset/interim_copy/IXI559/IXI559_t2.nii.gz
IXI560,/data-nas/brains/IXI_Dataset/interim_copy/IXI560/IXI560_t2.nii.gz
IXI561,/data-nas/brains/IXI_Dataset/interim_copy/IXI561/IXI561_t2.nii.gz
IXI562,/data-nas/brains/IXI_Dataset/interim_copy/IXI562/IXI562_t2.nii.gz
IXI563,/data-nas/brains/IXI_Dataset/interim_copy/IXI563/IXI563_t2.nii.gz
IXI565,/data-nas/brains/IXI_Dataset/interim_copy/IXI565/IXI565_t2.nii.gz
IXI566,/data-nas/brains/IXI_Dataset/interim_copy/IXI566/IXI566_t2.nii.gz
IXI567,/data-nas/brains/IXI_Dataset/interim_copy/IXI567/IXI567_t2.nii.gz
IXI568,/data-nas/brains/IXI_Dataset/interim_copy/IXI568/IXI568_t2.nii.gz
IXI569,/data-nas/brains/IXI_Dataset/interim_copy/IXI569/IXI569_t2.nii.gz
IXI571,/data-nas/brains/IXI_Dataset/interim_copy/IXI571/IXI571_t2.nii.gz
IXI572,/data-nas/brains/IXI_Dataset/interim_copy/IXI572/IXI572_t2.nii.gz
IXI573,/data-nas/brains/IXI_Dataset/interim_copy/IXI573/IXI573_t2.nii.gz
IXI574,/data-nas/brains/IXI_Dataset/interim_copy/IXI574/IXI574_t2.nii.gz
IXI575,/data-nas/brains/IXI_Dataset/interim_copy/IXI575/IXI575_t2.nii.gz
IXI576,/data-nas/brains/IXI_Dataset/interim_copy/IXI576/IXI576_t2.nii.gz
IXI577,/data-nas/brains/IXI_Dataset/interim_copy/IXI577/IXI577_t2.nii.gz
IXI578,/data-nas/brains/IXI_Dataset/interim_copy/IXI578/IXI578_t2.nii.gz
IXI579,/data-nas/brains/IXI_Dataset/interim_copy/IXI579/IXI579_t2.nii.gz
IXI582,/data-nas/brains/IXI_Dataset/interim_copy/IXI582/IXI582_t2.nii.gz
IXI584,/data-nas/brains/IXI_Dataset/interim_copy/IXI584/IXI584_t2.nii.gz
IXI585,/data-nas/brains/IXI_Dataset/interim_copy/IXI585/IXI585_t2.nii.gz
IXI586,/data-nas/brains/IXI_Dataset/interim_copy/IXI586/IXI586_t2.nii.gz
IXI587,/data-nas/brains/IXI_Dataset/interim_copy/IXI587/IXI587_t2.nii.gz
IXI588,/data-nas/brains/IXI_Dataset/interim_copy/IXI588/IXI588_t2.nii.gz
IXI589,/data-nas/brains/IXI_Dataset/interim_copy/IXI589/IXI589_t2.nii.gz
IXI591,/data-nas/brains/IXI_Dataset/interim_copy/IXI591/IXI591_t2.nii.gz
IXI592,/data-nas/brains/IXI_Dataset/interim_copy/IXI592/IXI592_t2.nii.gz
IXI593,/data-nas/brains/IXI_Dataset/interim_copy/IXI593/IXI593_t2.nii.gz
IXI594,/data-nas/brains/IXI_Dataset/interim_copy/IXI594/IXI594_t2.nii.gz
IXI595,/data-nas/brains/IXI_Dataset/interim_copy/IXI595/IXI595_t2.nii.gz
IXI596,/data-nas/brains/IXI_Dataset/interim_copy/IXI596/IXI596_t2.nii.gz
IXI597,/data-nas/brains/IXI_Dataset/interim_copy/IXI597/IXI597_t2.nii.gz
IXI598,/data-nas/brains/IXI_Dataset/interim_copy/IXI598/IXI598_t2.nii.gz
IXI599,/data-nas/brains/IXI_Dataset/interim_copy/IXI599/IXI599_t2.nii.gz
IXI600,/data-nas/brains/IXI_Dataset/interim_copy/IXI600/IXI600_t2.nii.gz
IXI601,/data-nas/brains/IXI_Dataset/interim_copy/IXI601/IXI601_t2.nii.gz
IXI603,/data-nas/brains/IXI_Dataset/interim_copy/IXI603/IXI603_t2.nii.gz
IXI605,/data-nas/brains/IXI_Dataset/interim_copy/IXI605/IXI605_t2.nii.gz
IXI606,/data-nas/brains/IXI_Dataset/interim_copy/IXI606/IXI606_t2.nii.gz
IXI607,/data-nas/brains/IXI_Dataset/interim_copy/IXI607/IXI607_t2.nii.gz
IXI608,/data-nas/brains/IXI_Dataset/interim_copy/IXI608/IXI608_t2.nii.gz
IXI609,/data-nas/brains/IXI_Dataset/interim_copy/IXI609/IXI609_t2.nii.gz
IXI610,/data-nas/brains/IXI_Dataset/interim_copy/IXI610/IXI610_t2.nii.gz
IXI611,/data-nas/brains/IXI_Dataset/interim_copy/IXI611/IXI611_t2.nii.gz
IXI612,/data-nas/brains/IXI_Dataset/interim_copy/IXI612/IXI612_t2.nii.gz
IXI613,/data-nas/brains/IXI_Dataset/interim_copy/IXI613/IXI613_t2.nii.gz
IXI614,/data-nas/brains/IXI_Dataset/interim_copy/IXI614/IXI614_t2.nii.gz
IXI616,/data-nas/brains/IXI_Dataset/interim_copy/IXI616/IXI616_t2.nii.gz
IXI617,/data-nas/brains/IXI_Dataset/interim_copy/IXI617/IXI617_t2.nii.gz
IXI618,/data-nas/brains/IXI_Dataset/interim_copy/IXI618/IXI618_t2.nii.gz
IXI619,/data-nas/brains/IXI_Dataset/interim_copy/IXI619/IXI619_t2.nii.gz
IXI621,/data-nas/brains/IXI_Dataset/interim_copy/IXI621/IXI621_t2.nii.gz
IXI622,/data-nas/brains/IXI_Dataset/interim_copy/IXI622/IXI622_t2.nii.gz
IXI623,/data-nas/brains/IXI_Dataset/interim_copy/IXI623/IXI623_t2.nii.gz
IXI625,/data-nas/brains/IXI_Dataset/interim_copy/IXI625/IXI625_t2.nii.gz
IXI626,/data-nas/brains/IXI_Dataset/interim_copy/IXI626/IXI626_t2.nii.gz
IXI627,/data-nas/brains/IXI_Dataset/interim_copy/IXI627/IXI627_t2.nii.gz
IXI629,/data-nas/brains/IXI_Dataset/interim_copy/IXI629/IXI629_t2.nii.gz
IXI630,/data-nas/brains/IXI_Dataset/interim_copy/IXI630/IXI630_t2.nii.gz
IXI631,/data-nas/brains/IXI_Dataset/interim_copy/IXI631/IXI631_t2.nii.gz
IXI632,/data-nas/brains/IXI_Dataset/interim_copy/IXI632/IXI632_t2.nii.gz
IXI633,/data-nas/brains/IXI_Dataset/interim_copy/IXI633/IXI633_t2.nii.gz
IXI634,/data-nas/brains/IXI_Dataset/interim_copy/IXI634/IXI634_t2.nii.gz
IXI635,/data-nas/brains/IXI_Dataset/interim_copy/IXI635/IXI635_t2.nii.gz
IXI636,/data-nas/brains/IXI_Dataset/interim_copy/IXI636/IXI636_t2.nii.gz
IXI637,/data-nas/brains/IXI_Dataset/interim_copy/IXI637/IXI637_t2.nii.gz
IXI638,/data-nas/brains/IXI_Dataset/interim_copy/IXI638/IXI638_t2.nii.gz
IXI639,/data-nas/brains/IXI_Dataset/interim_copy/IXI639/IXI639_t2.nii.gz
IXI640,/data-nas/brains/IXI_Dataset/interim_copy/IXI640/IXI640_t2.nii.gz
IXI641,/data-nas/brains/IXI_Dataset/interim_copy/IXI641/IXI641_t2.nii.gz
IXI642,/data-nas/brains/IXI_Dataset/interim_copy/IXI642/IXI642_t2.nii.gz
IXI643,/data-nas/brains/IXI_Dataset/interim_copy/IXI643/IXI643_t2.nii.gz
IXI644,/data-nas/brains/IXI_Dataset/interim_copy/IXI644/IXI644_t2.nii.gz
IXI646,/data-nas/brains/IXI_Dataset/interim_copy/IXI646/IXI646_t2.nii.gz
IXI648,/data-nas/brains/IXI_Dataset/interim_copy/IXI648/IXI648_t2.nii.gz
IXI651,/data-nas/brains/IXI_Dataset/interim_copy/IXI651/IXI651_t2.nii.gz
IXI652,/data-nas/brains/IXI_Dataset/interim_copy/IXI652/IXI652_t2.nii.gz
IXI653,/data-nas/brains/IXI_Dataset/interim_copy/IXI653/IXI653_t2.nii.gz
IXI661,/data-nas/brains/IXI_Dataset/interim_copy/IXI661/IXI661_t2.nii.gz
IXI662,/data-nas/brains/IXI_Dataset/interim_copy/IXI662/IXI662_t2.nii.gz
