IXI002,/data-nas/brains/IXI_Dataset/interim_copy_test/IXI002/IXI002_t2std.nii.gz
IXI012,/data-nas/brains/IXI_Dataset/interim_copy_test/IXI012/IXI012_t2std.nii.gz
IXI013,/data-nas/brains/IXI_Dataset/interim_copy_test/IXI013/IXI013_t2std.nii.gz
IXI014,/data-nas/brains/IXI_Dataset/interim_copy_test/IXI014/IXI014_t2std.nii.gz
IXI015,/data-nas/brains/IXI_Dataset/interim_copy_test/IXI015/IXI015_t2std.nii.gz
IXI016,/data-nas/brains/IXI_Dataset/interim_copy_test/IXI016/IXI016_t2std.nii.gz
IXI017,/data-nas/brains/IXI_Dataset/interim_copy_test/IXI017/IXI017_t2std.nii.gz
IXI021,/data-nas/brains/IXI_Dataset/interim_copy_test/IXI021/IXI021_t2std.nii.gz
IXI024,/data-nas/brains/IXI_Dataset/interim_copy_test/IXI024/IXI024_t2std.nii.gz
IXI025,/data-nas/brains/IXI_Dataset/interim_copy_test/IXI025/IXI025_t2std.nii.gz
IXI027,/data-nas/brains/IXI_Dataset/interim_copy_test/IXI027/IXI027_t2std.nii.gz
IXI028,/data-nas/brains/IXI_Dataset/interim_copy_test/IXI028/IXI028_t2std.nii.gz
IXI029,/data-nas/brains/IXI_Dataset/interim_copy_test/IXI029/IXI029_t2std.nii.gz
IXI030,/data-nas/brains/IXI_Dataset/interim_copy_test/IXI030/IXI030_t2std.nii.gz
IXI031,/data-nas/brains/IXI_Dataset/interim_copy_test/IXI031/IXI031_t2std.nii.gz
IXI033,/data-nas/brains/IXI_Dataset/interim_copy_test/IXI033/IXI033_t2std.nii.gz
IXI034,/data-nas/brains/IXI_Dataset/interim_copy_test/IXI034/IXI034_t2std.nii.gz
IXI036,/data-nas/brains/IXI_Dataset/interim_copy_test/IXI036/IXI036_t2std.nii.gz
IXI037,/data-nas/brains/IXI_Dataset/interim_copy_test/IXI037/IXI037_t2std.nii.gz
IXI038,/data-nas/brains/IXI_Dataset/interim_copy_test/IXI038/IXI038_t2std.nii.gz
IXI039,/data-nas/brains/IXI_Dataset/interim_copy_test/IXI039/IXI039_t2std.nii.gz
IXI040,/data-nas/brains/IXI_Dataset/interim_copy_test/IXI040/IXI040_t2std.nii.gz
IXI041,/data-nas/brains/IXI_Dataset/interim_copy_test/IXI041/IXI041_t2std.nii.gz
IXI042,/data-nas/brains/IXI_Dataset/interim_copy_test/IXI042/IXI042_t2std.nii.gz
IXI043,/data-nas/brains/IXI_Dataset/interim_copy_test/IXI043/IXI043_t2std.nii.gz
IXI044,/data-nas/brains/IXI_Dataset/interim_copy_test/IXI044/IXI044_t2std.nii.gz
IXI045,/data-nas/brains/IXI_Dataset/interim_copy_test/IXI045/IXI045_t2std.nii.gz
IXI046,/data-nas/brains/IXI_Dataset/interim_copy_test/IXI046/IXI046_t2std.nii.gz
IXI048,/data-nas/brains/IXI_Dataset/interim_copy_test/IXI048/IXI048_t2std.nii.gz
IXI049,/data-nas/brains/IXI_Dataset/interim_copy_test/IXI049/IXI049_t2std.nii.gz
IXI051,/data-nas/brains/IXI_Dataset/interim_copy_test/IXI051/IXI051_t2std.nii.gz
IXI052,/data-nas/brains/IXI_Dataset/interim_copy_test/IXI052/IXI052_t2std.nii.gz
IXI053,/data-nas/brains/IXI_Dataset/interim_copy_test/IXI053/IXI053_t2std.nii.gz
IXI054,/data-nas/brains/IXI_Dataset/interim_copy_test/IXI054/IXI054_t2std.nii.gz
IXI055,/data-nas/brains/IXI_Dataset/interim_copy_test/IXI055/IXI055_t2std.nii.gz
IXI056,/data-nas/brains/IXI_Dataset/interim_copy_test/IXI056/IXI056_t2std.nii.gz
IXI057,/data-nas/brains/IXI_Dataset/interim_copy_test/IXI057/IXI057_t2std.nii.gz
IXI059,/data-nas/brains/IXI_Dataset/interim_copy_test/IXI059/IXI059_t2std.nii.gz
IXI060,/data-nas/brains/IXI_Dataset/interim_copy_test/IXI060/IXI060_t2std.nii.gz
IXI062,/data-nas/brains/IXI_Dataset/interim_copy_test/IXI062/IXI062_t2std.nii.gz
IXI065,/data-nas/brains/IXI_Dataset/interim_copy_test/IXI065/IXI065_t2std.nii.gz
IXI066,/data-nas/brains/IXI_Dataset/interim_copy_test/IXI066/IXI066_t2std.nii.gz
IXI067,/data-nas/brains/IXI_Dataset/interim_copy_test/IXI067/IXI067_t2std.nii.gz
IXI068,/data-nas/brains/IXI_Dataset/interim_copy_test/IXI068/IXI068_t2std.nii.gz
IXI069,/data-nas/brains/IXI_Dataset/interim_copy_test/IXI069/IXI069_t2std.nii.gz
IXI070,/data-nas/brains/IXI_Dataset/interim_copy_test/IXI070/IXI070_t2std.nii.gz
IXI071,/data-nas/brains/IXI_Dataset/interim_copy_test/IXI071/IXI071_t2std.nii.gz
IXI072,/data-nas/brains/IXI_Dataset/interim_copy_test/IXI072/IXI072_t2std.nii.gz
IXI073,/data-nas/brains/IXI_Dataset/interim_copy_test/IXI073/IXI073_t2std.nii.gz
IXI074,/data-nas/brains/IXI_Dataset/interim_copy_test/IXI074/IXI074_t2std.nii.gz
IXI075,/data-nas/brains/IXI_Dataset/interim_copy_test/IXI075/IXI075_t2std.nii.gz
IXI077,/data-nas/brains/IXI_Dataset/interim_copy_test/IXI077/IXI077_t2std.nii.gz
IXI078,/data-nas/brains/IXI_Dataset/interim_copy_test/IXI078/IXI078_t2std.nii.gz
IXI079,/data-nas/brains/IXI_Dataset/interim_copy_test/IXI079/IXI079_t2std.nii.gz
IXI080,/data-nas/brains/IXI_Dataset/interim_copy_test/IXI080/IXI080_t2std.nii.gz
IXI081,/data-nas/brains/IXI_Dataset/interim_copy_test/IXI081/IXI081_t2std.nii.gz
IXI083,/data-nas/brains/IXI_Dataset/interim_copy_test/IXI083/IXI083_t2std.nii.gz
IXI084,/data-nas/brains/IXI_Dataset/interim_copy_test/IXI084/IXI084_t2std.nii.gz
IXI085,/data-nas/brains/IXI_Dataset/interim_copy_test/IXI085/IXI085_t2std.nii.gz
IXI086,/data-nas/brains/IXI_Dataset/interim_copy_test/IXI086/IXI086_t2std.nii.gz
IXI087,/data-nas/brains/IXI_Dataset/interim_copy_test/IXI087/IXI087_t2std.nii.gz
IXI088,/data-nas/brains/IXI_Dataset/interim_copy_test/IXI088/IXI088_t2std.nii.gz
IXI089,/data-nas/brains/IXI_Dataset/interim_copy_test/IXI089/IXI089_t2std.nii.gz
IXI091,/data-nas/brains/IXI_Dataset/interim_copy_test/IXI091/IXI091_t2std.nii.gz
IXI092,/data-nas/brains/IXI_Dataset/interim_copy_test/IXI092/IXI092_t2std.nii.gz
IXI093,/data-nas/brains/IXI_Dataset/interim_copy_test/IXI093/IXI093_t2std.nii.gz
IXI094,/data-nas/brains/IXI_Dataset/interim_copy_test/IXI094/IXI094_t2std.nii.gz
IXI095,/data-nas/brains/IXI_Dataset/interim_copy_test/IXI095/IXI095_t2std.nii.gz
IXI096,/data-nas/brains/IXI_Dataset/interim_copy_test/IXI096/IXI096_t2std.nii.gz
IXI097,/data-nas/brains/IXI_Dataset/interim_copy_test/IXI097/IXI097_t2std.nii.gz
IXI098,/data-nas/brains/IXI_Dataset/interim_copy_test/IXI098/IXI098_t2std.nii.gz
IXI099,/data-nas/brains/IXI_Dataset/interim_copy_test/IXI099/IXI099_t2std.nii.gz
IXI102,/data-nas/brains/IXI_Dataset/interim_copy_test/IXI102/IXI102_t2std.nii.gz
IXI103,/data-nas/brains/IXI_Dataset/interim_copy_test/IXI103/IXI103_t2std.nii.gz
IXI104,/data-nas/brains/IXI_Dataset/interim_copy_test/IXI104/IXI104_t2std.nii.gz
IXI105,/data-nas/brains/IXI_Dataset/interim_copy_test/IXI105/IXI105_t2std.nii.gz
IXI106,/data-nas/brains/IXI_Dataset/interim_copy_test/IXI106/IXI106_t2std.nii.gz
IXI107,/data-nas/brains/IXI_Dataset/interim_copy_test/IXI107/IXI107_t2std.nii.gz
IXI108,/data-nas/brains/IXI_Dataset/interim_copy_test/IXI108/IXI108_t2std.nii.gz
IXI109,/data-nas/brains/IXI_Dataset/interim_copy_test/IXI109/IXI109_t2std.nii.gz
IXI110,/data-nas/brains/IXI_Dataset/interim_copy_test/IXI110/IXI110_t2std.nii.gz
IXI111,/data-nas/brains/IXI_Dataset/interim_copy_test/IXI111/IXI111_t2std.nii.gz
IXI112,/data-nas/brains/IXI_Dataset/interim_copy_test/IXI112/IXI112_t2std.nii.gz
IXI113,/data-nas/brains/IXI_Dataset/interim_copy_test/IXI113/IXI113_t2std.nii.gz
IXI114,/data-nas/brains/IXI_Dataset/interim_copy_test/IXI114/IXI114_t2std.nii.gz
IXI115,/data-nas/brains/IXI_Dataset/interim_copy_test/IXI115/IXI115_t2std.nii.gz
IXI117,/data-nas/brains/IXI_Dataset/interim_copy_test/IXI117/IXI117_t2std.nii.gz
IXI118,/data-nas/brains/IXI_Dataset/interim_copy_test/IXI118/IXI118_t2std.nii.gz
IXI119,/data-nas/brains/IXI_Dataset/interim_copy_test/IXI119/IXI119_t2std.nii.gz
IXI120,/data-nas/brains/IXI_Dataset/interim_copy_test/IXI120/IXI120_t2std.nii.gz
IXI121,/data-nas/brains/IXI_Dataset/interim_copy_test/IXI121/IXI121_t2std.nii.gz
IXI122,/data-nas/brains/IXI_Dataset/interim_copy_test/IXI122/IXI122_t2std.nii.gz
IXI123,/data-nas/brains/IXI_Dataset/interim_copy_test/IXI123/IXI123_t2std.nii.gz
IXI126,/data-nas/brains/IXI_Dataset/interim_copy_test/IXI126/IXI126_t2std.nii.gz
IXI127,/data-nas/brains/IXI_Dataset/interim_copy_test/IXI127/IXI127_t2std.nii.gz
IXI128,/data-nas/brains/IXI_Dataset/interim_copy_test/IXI128/IXI128_t2std.nii.gz
IXI129,/data-nas/brains/IXI_Dataset/interim_copy_test/IXI129/IXI129_t2std.nii.gz
IXI130,/data-nas/brains/IXI_Dataset/interim_copy_test/IXI130/IXI130_t2std.nii.gz
IXI131,/data-nas/brains/IXI_Dataset/interim_copy_test/IXI131/IXI131_t2std.nii.gz
IXI132,/data-nas/brains/IXI_Dataset/interim_copy_test/IXI132/IXI132_t2std.nii.gz
IXI134,/data-nas/brains/IXI_Dataset/interim_copy_test/IXI134/IXI134_t2std.nii.gz
IXI135,/data-nas/brains/IXI_Dataset/interim_copy_test/IXI135/IXI135_t2std.nii.gz
IXI136,/data-nas/brains/IXI_Dataset/interim_copy_test/IXI136/IXI136_t2std.nii.gz
IXI137,/data-nas/brains/IXI_Dataset/interim_copy_test/IXI137/IXI137_t2std.nii.gz
IXI138,/data-nas/brains/IXI_Dataset/interim_copy_test/IXI138/IXI138_t2std.nii.gz
IXI139,/data-nas/brains/IXI_Dataset/interim_copy_test/IXI139/IXI139_t2std.nii.gz
IXI140,/data-nas/brains/IXI_Dataset/interim_copy_test/IXI140/IXI140_t2std.nii.gz
IXI141,/data-nas/brains/IXI_Dataset/interim_copy_test/IXI141/IXI141_t2std.nii.gz
IXI142,/data-nas/brains/IXI_Dataset/interim_copy_test/IXI142/IXI142_t2std.nii.gz
IXI143,/data-nas/brains/IXI_Dataset/interim_copy_test/IXI143/IXI143_t2std.nii.gz
IXI144,/data-nas/brains/IXI_Dataset/interim_copy_test/IXI144/IXI144_t2std.nii.gz
IXI145,/data-nas/brains/IXI_Dataset/interim_copy_test/IXI145/IXI145_t2std.nii.gz
IXI146,/data-nas/brains/IXI_Dataset/interim_copy_test/IXI146/IXI146_t2std.nii.gz
IXI148,/data-nas/brains/IXI_Dataset/interim_copy_test/IXI148/IXI148_t2std.nii.gz
IXI150,/data-nas/brains/IXI_Dataset/interim_copy_test/IXI150/IXI150_t2std.nii.gz
IXI151,/data-nas/brains/IXI_Dataset/interim_copy_test/IXI151/IXI151_t2std.nii.gz
IXI153,/data-nas/brains/IXI_Dataset/interim_copy_test/IXI153/IXI153_t2std.nii.gz
IXI154,/data-nas/brains/IXI_Dataset/interim_copy_test/IXI154/IXI154_t2std.nii.gz
IXI156,/data-nas/brains/IXI_Dataset/interim_copy_test/IXI156/IXI156_t2std.nii.gz
IXI158,/data-nas/brains/IXI_Dataset/interim_copy_test/IXI158/IXI158_t2std.nii.gz
IXI159,/data-nas/brains/IXI_Dataset/interim_copy_test/IXI159/IXI159_t2std.nii.gz
IXI160,/data-nas/brains/IXI_Dataset/interim_copy_test/IXI160/IXI160_t2std.nii.gz
IXI161,/data-nas/brains/IXI_Dataset/interim_copy_test/IXI161/IXI161_t2std.nii.gz
IXI162,/data-nas/brains/IXI_Dataset/interim_copy_test/IXI162/IXI162_t2std.nii.gz
IXI163,/data-nas/brains/IXI_Dataset/interim_copy_test/IXI163/IXI163_t2std.nii.gz
IXI164,/data-nas/brains/IXI_Dataset/interim_copy_test/IXI164/IXI164_t2std.nii.gz
IXI165,/data-nas/brains/IXI_Dataset/interim_copy_test/IXI165/IXI165_t2std.nii.gz
IXI166,/data-nas/brains/IXI_Dataset/interim_copy_test/IXI166/IXI166_t2std.nii.gz
IXI167,/data-nas/brains/IXI_Dataset/interim_copy_test/IXI167/IXI167_t2std.nii.gz
IXI168,/data-nas/brains/IXI_Dataset/interim_copy_test/IXI168/IXI168_t2std.nii.gz
IXI169,/data-nas/brains/IXI_Dataset/interim_copy_test/IXI169/IXI169_t2std.nii.gz
IXI170,/data-nas/brains/IXI_Dataset/interim_copy_test/IXI170/IXI170_t2std.nii.gz
IXI173,/data-nas/brains/IXI_Dataset/interim_copy_test/IXI173/IXI173_t2std.nii.gz
IXI174,/data-nas/brains/IXI_Dataset/interim_copy_test/IXI174/IXI174_t2std.nii.gz
IXI175,/data-nas/brains/IXI_Dataset/interim_copy_test/IXI175/IXI175_t2std.nii.gz
IXI176,/data-nas/brains/IXI_Dataset/interim_copy_test/IXI176/IXI176_t2std.nii.gz
IXI177,/data-nas/brains/IXI_Dataset/interim_copy_test/IXI177/IXI177_t2std.nii.gz
IXI178,/data-nas/brains/IXI_Dataset/interim_copy_test/IXI178/IXI178_t2std.nii.gz
IXI179,/data-nas/brains/IXI_Dataset/interim_copy_test/IXI179/IXI179_t2std.nii.gz
IXI180,/data-nas/brains/IXI_Dataset/interim_copy_test/IXI180/IXI180_t2std.nii.gz
IXI181,/data-nas/brains/IXI_Dataset/interim_copy_test/IXI181/IXI181_t2std.nii.gz
IXI183,/data-nas/brains/IXI_Dataset/interim_copy_test/IXI183/IXI183_t2std.nii.gz
IXI184,/data-nas/brains/IXI_Dataset/interim_copy_test/IXI184/IXI184_t2std.nii.gz
IXI186,/data-nas/brains/IXI_Dataset/interim_copy_test/IXI186/IXI186_t2std.nii.gz
IXI189,/data-nas/brains/IXI_Dataset/interim_copy_test/IXI189/IXI189_t2std.nii.gz
IXI192,/data-nas/brains/IXI_Dataset/interim_copy_test/IXI192/IXI192_t2std.nii.gz
IXI193,/data-nas/brains/IXI_Dataset/interim_copy_test/IXI193/IXI193_t2std.nii.gz
IXI194,/data-nas/brains/IXI_Dataset/interim_copy_test/IXI194/IXI194_t2std.nii.gz
IXI195,/data-nas/brains/IXI_Dataset/interim_copy_test/IXI195/IXI195_t2std.nii.gz
IXI196,/data-nas/brains/IXI_Dataset/interim_copy_test/IXI196/IXI196_t2std.nii.gz
IXI197,/data-nas/brains/IXI_Dataset/interim_copy_test/IXI197/IXI197_t2std.nii.gz
IXI198,/data-nas/brains/IXI_Dataset/interim_copy_test/IXI198/IXI198_t2std.nii.gz
IXI199,/data-nas/brains/IXI_Dataset/interim_copy_test/IXI199/IXI199_t2std.nii.gz
IXI201,/data-nas/brains/IXI_Dataset/interim_copy_test/IXI201/IXI201_t2std.nii.gz
IXI202,/data-nas/brains/IXI_Dataset/interim_copy_test/IXI202/IXI202_t2std.nii.gz
IXI204,/data-nas/brains/IXI_Dataset/interim_copy_test/IXI204/IXI204_t2std.nii.gz
IXI205,/data-nas/brains/IXI_Dataset/interim_copy_test/IXI205/IXI205_t2std.nii.gz
IXI206,/data-nas/brains/IXI_Dataset/interim_copy_test/IXI206/IXI206_t2std.nii.gz
IXI207,/data-nas/brains/IXI_Dataset/interim_copy_test/IXI207/IXI207_t2std.nii.gz
IXI210,/data-nas/brains/IXI_Dataset/interim_copy_test/IXI210/IXI210_t2std.nii.gz
IXI211,/data-nas/brains/IXI_Dataset/interim_copy_test/IXI211/IXI211_t2std.nii.gz
IXI212,/data-nas/brains/IXI_Dataset/interim_copy_test/IXI212/IXI212_t2std.nii.gz
IXI213,/data-nas/brains/IXI_Dataset/interim_copy_test/IXI213/IXI213_t2std.nii.gz
IXI214,/data-nas/brains/IXI_Dataset/interim_copy_test/IXI214/IXI214_t2std.nii.gz
IXI216,/data-nas/brains/IXI_Dataset/interim_copy_test/IXI216/IXI216_t2std.nii.gz
IXI217,/data-nas/brains/IXI_Dataset/interim_copy_test/IXI217/IXI217_t2std.nii.gz
IXI218,/data-nas/brains/IXI_Dataset/interim_copy_test/IXI218/IXI218_t2std.nii.gz
IXI219,/data-nas/brains/IXI_Dataset/interim_copy_test/IXI219/IXI219_t2std.nii.gz
IXI221,/data-nas/brains/IXI_Dataset/interim_copy_test/IXI221/IXI221_t2std.nii.gz
IXI222,/data-nas/brains/IXI_Dataset/interim_copy_test/IXI222/IXI222_t2std.nii.gz
IXI223,/data-nas/brains/IXI_Dataset/interim_copy_test/IXI223/IXI223_t2std.nii.gz
IXI224,/data-nas/brains/IXI_Dataset/interim_copy_test/IXI224/IXI224_t2std.nii.gz
IXI225,/data-nas/brains/IXI_Dataset/interim_copy_test/IXI225/IXI225_t2std.nii.gz
IXI226,/data-nas/brains/IXI_Dataset/interim_copy_test/IXI226/IXI226_t2std.nii.gz
IXI227,/data-nas/brains/IXI_Dataset/interim_copy_test/IXI227/IXI227_t2std.nii.gz
IXI228,/data-nas/brains/IXI_Dataset/interim_copy_test/IXI228/IXI228_t2std.nii.gz
IXI236,/data-nas/brains/IXI_Dataset/interim_copy_test/IXI236/IXI236_t2std.nii.gz
IXI237,/data-nas/brains/IXI_Dataset/interim_copy_test/IXI237/IXI237_t2std.nii.gz
IXI239,/data-nas/brains/IXI_Dataset/interim_copy_test/IXI239/IXI239_t2std.nii.gz
IXI240,/data-nas/brains/IXI_Dataset/interim_copy_test/IXI240/IXI240_t2std.nii.gz
IXI241,/data-nas/brains/IXI_Dataset/interim_copy_test/IXI241/IXI241_t2std.nii.gz
IXI242,/data-nas/brains/IXI_Dataset/interim_copy_test/IXI242/IXI242_t2std.nii.gz
IXI244,/data-nas/brains/IXI_Dataset/interim_copy_test/IXI244/IXI244_t2std.nii.gz
IXI246,/data-nas/brains/IXI_Dataset/interim_copy_test/IXI246/IXI246_t2std.nii.gz
IXI248,/data-nas/brains/IXI_Dataset/interim_copy_test/IXI248/IXI248_t2std.nii.gz
IXI249,/data-nas/brains/IXI_Dataset/interim_copy_test/IXI249/IXI249_t2std.nii.gz
IXI250,/data-nas/brains/IXI_Dataset/interim_copy_test/IXI250/IXI250_t2std.nii.gz
IXI252,/data-nas/brains/IXI_Dataset/interim_copy_test/IXI252/IXI252_t2std.nii.gz
IXI253,/data-nas/brains/IXI_Dataset/interim_copy_test/IXI253/IXI253_t2std.nii.gz
IXI254,/data-nas/brains/IXI_Dataset/interim_copy_test/IXI254/IXI254_t2std.nii.gz
IXI255,/data-nas/brains/IXI_Dataset/interim_copy_test/IXI255/IXI255_t2std.nii.gz
IXI256,/data-nas/brains/IXI_Dataset/interim_copy_test/IXI256/IXI256_t2std.nii.gz
IXI257,/data-nas/brains/IXI_Dataset/interim_copy_test/IXI257/IXI257_t2std.nii.gz
IXI258,/data-nas/brains/IXI_Dataset/interim_copy_test/IXI258/IXI258_t2std.nii.gz
IXI259,/data-nas/brains/IXI_Dataset/interim_copy_test/IXI259/IXI259_t2std.nii.gz
IXI260,/data-nas/brains/IXI_Dataset/interim_copy_test/IXI260/IXI260_t2std.nii.gz
IXI261,/data-nas/brains/IXI_Dataset/interim_copy_test/IXI261/IXI261_t2std.nii.gz
IXI262,/data-nas/brains/IXI_Dataset/interim_copy_test/IXI262/IXI262_t2std.nii.gz
IXI263,/data-nas/brains/IXI_Dataset/interim_copy_test/IXI263/IXI263_t2std.nii.gz
IXI264,/data-nas/brains/IXI_Dataset/interim_copy_test/IXI264/IXI264_t2std.nii.gz
IXI265,/data-nas/brains/IXI_Dataset/interim_copy_test/IXI265/IXI265_t2std.nii.gz
IXI266,/data-nas/brains/IXI_Dataset/interim_copy_test/IXI266/IXI266_t2std.nii.gz
IXI267,/data-nas/brains/IXI_Dataset/interim_copy_test/IXI267/IXI267_t2std.nii.gz
IXI268,/data-nas/brains/IXI_Dataset/interim_copy_test/IXI268/IXI268_t2std.nii.gz
IXI269,/data-nas/brains/IXI_Dataset/interim_copy_test/IXI269/IXI269_t2std.nii.gz
IXI270,/data-nas/brains/IXI_Dataset/interim_copy_test/IXI270/IXI270_t2std.nii.gz
IXI274,/data-nas/brains/IXI_Dataset/interim_copy_test/IXI274/IXI274_t2std.nii.gz
IXI275,/data-nas/brains/IXI_Dataset/interim_copy_test/IXI275/IXI275_t2std.nii.gz
IXI276,/data-nas/brains/IXI_Dataset/interim_copy_test/IXI276/IXI276_t2std.nii.gz
IXI277,/data-nas/brains/IXI_Dataset/interim_copy_test/IXI277/IXI277_t2std.nii.gz
IXI278,/data-nas/brains/IXI_Dataset/interim_copy_test/IXI278/IXI278_t2std.nii.gz
IXI280,/data-nas/brains/IXI_Dataset/interim_copy_test/IXI280/IXI280_t2std.nii.gz
IXI282,/data-nas/brains/IXI_Dataset/interim_copy_test/IXI282/IXI282_t2std.nii.gz
IXI284,/data-nas/brains/IXI_Dataset/interim_copy_test/IXI284/IXI284_t2std.nii.gz
IXI285,/data-nas/brains/IXI_Dataset/interim_copy_test/IXI285/IXI285_t2std.nii.gz
IXI287,/data-nas/brains/IXI_Dataset/interim_copy_test/IXI287/IXI287_t2std.nii.gz
IXI288,/data-nas/brains/IXI_Dataset/interim_copy_test/IXI288/IXI288_t2std.nii.gz
IXI295,/data-nas/brains/IXI_Dataset/interim_copy_test/IXI295/IXI295_t2std.nii.gz
IXI296,/data-nas/brains/IXI_Dataset/interim_copy_test/IXI296/IXI296_t2std.nii.gz
IXI298,/data-nas/brains/IXI_Dataset/interim_copy_test/IXI298/IXI298_t2std.nii.gz
IXI299,/data-nas/brains/IXI_Dataset/interim_copy_test/IXI299/IXI299_t2std.nii.gz
IXI302,/data-nas/brains/IXI_Dataset/interim_copy_test/IXI302/IXI302_t2std.nii.gz
IXI304,/data-nas/brains/IXI_Dataset/interim_copy_test/IXI304/IXI304_t2std.nii.gz
IXI308,/data-nas/brains/IXI_Dataset/interim_copy_test/IXI308/IXI308_t2std.nii.gz
IXI311,/data-nas/brains/IXI_Dataset/interim_copy_test/IXI311/IXI311_t2std.nii.gz
IXI312,/data-nas/brains/IXI_Dataset/interim_copy_test/IXI312/IXI312_t2std.nii.gz
IXI313,/data-nas/brains/IXI_Dataset/interim_copy_test/IXI313/IXI313_t2std.nii.gz
IXI316,/data-nas/brains/IXI_Dataset/interim_copy_test/IXI316/IXI316_t2std.nii.gz
IXI317,/data-nas/brains/IXI_Dataset/interim_copy_test/IXI317/IXI317_t2std.nii.gz
IXI318,/data-nas/brains/IXI_Dataset/interim_copy_test/IXI318/IXI318_t2std.nii.gz
IXI319,/data-nas/brains/IXI_Dataset/interim_copy_test/IXI319/IXI319_t2std.nii.gz
IXI320,/data-nas/brains/IXI_Dataset/interim_copy_test/IXI320/IXI320_t2std.nii.gz
IXI321,/data-nas/brains/IXI_Dataset/interim_copy_test/IXI321/IXI321_t2std.nii.gz
IXI324,/data-nas/brains/IXI_Dataset/interim_copy_test/IXI324/IXI324_t2std.nii.gz
IXI325,/data-nas/brains/IXI_Dataset/interim_copy_test/IXI325/IXI325_t2std.nii.gz
IXI327,/data-nas/brains/IXI_Dataset/interim_copy_test/IXI327/IXI327_t2std.nii.gz
IXI328,/data-nas/brains/IXI_Dataset/interim_copy_test/IXI328/IXI328_t2std.nii.gz
IXI329,/data-nas/brains/IXI_Dataset/interim_copy_test/IXI329/IXI329_t2std.nii.gz
IXI330,/data-nas/brains/IXI_Dataset/interim_copy_test/IXI330/IXI330_t2std.nii.gz
IXI334,/data-nas/brains/IXI_Dataset/interim_copy_test/IXI334/IXI334_t2std.nii.gz
IXI335,/data-nas/brains/IXI_Dataset/interim_copy_test/IXI335/IXI335_t2std.nii.gz
IXI336,/data-nas/brains/IXI_Dataset/interim_copy_test/IXI336/IXI336_t2std.nii.gz
IXI338,/data-nas/brains/IXI_Dataset/interim_copy_test/IXI338/IXI338_t2std.nii.gz
IXI341,/data-nas/brains/IXI_Dataset/interim_copy_test/IXI341/IXI341_t2std.nii.gz
IXI342,/data-nas/brains/IXI_Dataset/interim_copy_test/IXI342/IXI342_t2std.nii.gz
IXI344,/data-nas/brains/IXI_Dataset/interim_copy_test/IXI344/IXI344_t2std.nii.gz
IXI348,/data-nas/brains/IXI_Dataset/interim_copy_test/IXI348/IXI348_t2std.nii.gz
IXI350,/data-nas/brains/IXI_Dataset/interim_copy_test/IXI350/IXI350_t2std.nii.gz
IXI351,/data-nas/brains/IXI_Dataset/interim_copy_test/IXI351/IXI351_t2std.nii.gz
IXI353,/data-nas/brains/IXI_Dataset/interim_copy_test/IXI353/IXI353_t2std.nii.gz
IXI354,/data-nas/brains/IXI_Dataset/interim_copy_test/IXI354/IXI354_t2std.nii.gz
IXI356,/data-nas/brains/IXI_Dataset/interim_copy_test/IXI356/IXI356_t2std.nii.gz
IXI357,/data-nas/brains/IXI_Dataset/interim_copy_test/IXI357/IXI357_t2std.nii.gz
IXI358,/data-nas/brains/IXI_Dataset/interim_copy_test/IXI358/IXI358_t2std.nii.gz
IXI359,/data-nas/brains/IXI_Dataset/interim_copy_test/IXI359/IXI359_t2std.nii.gz
IXI360,/data-nas/brains/IXI_Dataset/interim_copy_test/IXI360/IXI360_t2std.nii.gz
IXI362,/data-nas/brains/IXI_Dataset/interim_copy_test/IXI362/IXI362_t2std.nii.gz
IXI363,/data-nas/brains/IXI_Dataset/interim_copy_test/IXI363/IXI363_t2std.nii.gz
IXI364,/data-nas/brains/IXI_Dataset/interim_copy_test/IXI364/IXI364_t2std.nii.gz
IXI365,/data-nas/brains/IXI_Dataset/interim_copy_test/IXI365/IXI365_t2std.nii.gz
IXI367,/data-nas/brains/IXI_Dataset/interim_copy_test/IXI367/IXI367_t2std.nii.gz
IXI375,/data-nas/brains/IXI_Dataset/interim_copy_test/IXI375/IXI375_t2std.nii.gz
IXI376,/data-nas/brains/IXI_Dataset/interim_copy_test/IXI376/IXI376_t2std.nii.gz
IXI377,/data-nas/brains/IXI_Dataset/interim_copy_test/IXI377/IXI377_t2std.nii.gz
IXI379,/data-nas/brains/IXI_Dataset/interim_copy_test/IXI379/IXI379_t2std.nii.gz
IXI380,/data-nas/brains/IXI_Dataset/interim_copy_test/IXI380/IXI380_t2std.nii.gz
IXI381,/data-nas/brains/IXI_Dataset/interim_copy_test/IXI381/IXI381_t2std.nii.gz
IXI383,/data-nas/brains/IXI_Dataset/interim_copy_test/IXI383/IXI383_t2std.nii.gz
IXI384,/data-nas/brains/IXI_Dataset/interim_copy_test/IXI384/IXI384_t2std.nii.gz
IXI385,/data-nas/brains/IXI_Dataset/interim_copy_test/IXI385/IXI385_t2std.nii.gz
IXI386,/data-nas/brains/IXI_Dataset/interim_copy_test/IXI386/IXI386_t2std.nii.gz
IXI387,/data-nas/brains/IXI_Dataset/interim_copy_test/IXI387/IXI387_t2std.nii.gz
IXI389,/data-nas/brains/IXI_Dataset/interim_copy_test/IXI389/IXI389_t2std.nii.gz
IXI390,/data-nas/brains/IXI_Dataset/interim_copy_test/IXI390/IXI390_t2std.nii.gz
IXI391,/data-nas/brains/IXI_Dataset/interim_copy_test/IXI391/IXI391_t2std.nii.gz
IXI392,/data-nas/brains/IXI_Dataset/interim_copy_test/IXI392/IXI392_t2std.nii.gz
IXI393,/data-nas/brains/IXI_Dataset/interim_copy_test/IXI393/IXI393_t2std.nii.gz
IXI394,/data-nas/brains/IXI_Dataset/interim_copy_test/IXI394/IXI394_t2std.nii.gz
IXI396,/data-nas/brains/IXI_Dataset/interim_copy_test/IXI396/IXI396_t2std.nii.gz
IXI399,/data-nas/brains/IXI_Dataset/interim_copy_test/IXI399/IXI399_t2std.nii.gz
IXI400,/data-nas/brains/IXI_Dataset/interim_copy_test/IXI400/IXI400_t2std.nii.gz
IXI401,/data-nas/brains/IXI_Dataset/interim_copy_test/IXI401/IXI401_t2std.nii.gz
IXI402,/data-nas/brains/IXI_Dataset/interim_copy_test/IXI402/IXI402_t2std.nii.gz
IXI404,/data-nas/brains/IXI_Dataset/interim_copy_test/IXI404/IXI404_t2std.nii.gz
IXI405,/data-nas/brains/IXI_Dataset/interim_copy_test/IXI405/IXI405_t2std.nii.gz
IXI406,/data-nas/brains/IXI_Dataset/interim_copy_test/IXI406/IXI406_t2std.nii.gz
IXI407,/data-nas/brains/IXI_Dataset/interim_copy_test/IXI407/IXI407_t2std.nii.gz
IXI408,/data-nas/brains/IXI_Dataset/interim_copy_test/IXI408/IXI408_t2std.nii.gz
IXI409,/data-nas/brains/IXI_Dataset/interim_copy_test/IXI409/IXI409_t2std.nii.gz
IXI410,/data-nas/brains/IXI_Dataset/interim_copy_test/IXI410/IXI410_t2std.nii.gz
IXI411,/data-nas/brains/IXI_Dataset/interim_copy_test/IXI411/IXI411_t2std.nii.gz
IXI412,/data-nas/brains/IXI_Dataset/interim_copy_test/IXI412/IXI412_t2std.nii.gz
IXI413,/data-nas/brains/IXI_Dataset/interim_copy_test/IXI413/IXI413_t2std.nii.gz
IXI414,/data-nas/brains/IXI_Dataset/interim_copy_test/IXI414/IXI414_t2std.nii.gz
IXI415,/data-nas/brains/IXI_Dataset/interim_copy_test/IXI415/IXI415_t2std.nii.gz
IXI416,/data-nas/brains/IXI_Dataset/interim_copy_test/IXI416/IXI416_t2std.nii.gz
IXI418,/data-nas/brains/IXI_Dataset/interim_copy_test/IXI418/IXI418_t2std.nii.gz
IXI419,/data-nas/brains/IXI_Dataset/interim_copy_test/IXI419/IXI419_t2std.nii.gz
IXI420,/data-nas/brains/IXI_Dataset/interim_copy_test/IXI420/IXI420_t2std.nii.gz
IXI422,/data-nas/brains/IXI_Dataset/interim_copy_test/IXI422/IXI422_t2std.nii.gz
IXI428,/data-nas/brains/IXI_Dataset/interim_copy_test/IXI428/IXI428_t2std.nii.gz
IXI429,/data-nas/brains/IXI_Dataset/interim_copy_test/IXI429/IXI429_t2std.nii.gz
IXI431,/data-nas/brains/IXI_Dataset/interim_copy_test/IXI431/IXI431_t2std.nii.gz
IXI436,/data-nas/brains/IXI_Dataset/interim_copy_test/IXI436/IXI436_t2std.nii.gz
IXI437,/data-nas/brains/IXI_Dataset/interim_copy_test/IXI437/IXI437_t2std.nii.gz
IXI438,/data-nas/brains/IXI_Dataset/interim_copy_test/IXI438/IXI438_t2std.nii.gz
IXI439,/data-nas/brains/IXI_Dataset/interim_copy_test/IXI439/IXI439_t2std.nii.gz
IXI440,/data-nas/brains/IXI_Dataset/interim_copy_test/IXI440/IXI440_t2std.nii.gz
IXI441,/data-nas/brains/IXI_Dataset/interim_copy_test/IXI441/IXI441_t2std.nii.gz
IXI443,/data-nas/brains/IXI_Dataset/interim_copy_test/IXI443/IXI443_t2std.nii.gz
IXI444,/data-nas/brains/IXI_Dataset/interim_copy_test/IXI444/IXI444_t2std.nii.gz
IXI445,/data-nas/brains/IXI_Dataset/interim_copy_test/IXI445/IXI445_t2std.nii.gz
IXI446,/data-nas/brains/IXI_Dataset/interim_copy_test/IXI446/IXI446_t2std.nii.gz
IXI447,/data-nas/brains/IXI_Dataset/interim_copy_test/IXI447/IXI447_t2std.nii.gz
IXI448,/data-nas/brains/IXI_Dataset/interim_copy_test/IXI448/IXI448_t2std.nii.gz
IXI452,/data-nas/brains/IXI_Dataset/interim_copy_test/IXI452/IXI452_t2std.nii.gz
IXI453,/data-nas/brains/IXI_Dataset/interim_copy_test/IXI453/IXI453_t2std.nii.gz
IXI455,/data-nas/brains/IXI_Dataset/interim_copy_test/IXI455/IXI455_t2std.nii.gz
IXI459,/data-nas/brains/IXI_Dataset/interim_copy_test/IXI459/IXI459_t2std.nii.gz
IXI460,/data-nas/brains/IXI_Dataset/interim_copy_test/IXI460/IXI460_t2std.nii.gz
IXI461,/data-nas/brains/IXI_Dataset/interim_copy_test/IXI461/IXI461_t2std.nii.gz
IXI465,/data-nas/brains/IXI_Dataset/interim_copy_test/IXI465/IXI465_t2std.nii.gz
IXI467,/data-nas/brains/IXI_Dataset/interim_copy_test/IXI467/IXI467_t2std.nii.gz
IXI468,/data-nas/brains/IXI_Dataset/interim_copy_test/IXI468/IXI468_t2std.nii.gz
IXI479,/data-nas/brains/IXI_Dataset/interim_copy_test/IXI479/IXI479_t2std.nii.gz
IXI480,/data-nas/brains/IXI_Dataset/interim_copy_test/IXI480/IXI480_t2std.nii.gz
IXI481,/data-nas/brains/IXI_Dataset/interim_copy_test/IXI481/IXI481_t2std.nii.gz
IXI482,/data-nas/brains/IXI_Dataset/interim_copy_test/IXI482/IXI482_t2std.nii.gz
IXI483,/data-nas/brains/IXI_Dataset/interim_copy_test/IXI483/IXI483_t2std.nii.gz
IXI484,/data-nas/brains/IXI_Dataset/interim_copy_test/IXI484/IXI484_t2std.nii.gz
IXI485,/data-nas/brains/IXI_Dataset/interim_copy_test/IXI485/IXI485_t2std.nii.gz
IXI486,/data-nas/brains/IXI_Dataset/interim_copy_test/IXI486/IXI486_t2std.nii.gz
IXI487,/data-nas/brains/IXI_Dataset/interim_copy_test/IXI487/IXI487_t2std.nii.gz
IXI488,/data-nas/brains/IXI_Dataset/interim_copy_test/IXI488/IXI488_t2std.nii.gz
IXI489,/data-nas/brains/IXI_Dataset/interim_copy_test/IXI489/IXI489_t2std.nii.gz
IXI490,/data-nas/brains/IXI_Dataset/interim_copy_test/IXI490/IXI490_t2std.nii.gz
IXI491,/data-nas/brains/IXI_Dataset/interim_copy_test/IXI491/IXI491_t2std.nii.gz
IXI492,/data-nas/brains/IXI_Dataset/interim_copy_test/IXI492/IXI492_t2std.nii.gz
IXI493,/data-nas/brains/IXI_Dataset/interim_copy_test/IXI493/IXI493_t2std.nii.gz
IXI494,/data-nas/brains/IXI_Dataset/interim_copy_test/IXI494/IXI494_t2std.nii.gz
IXI495,/data-nas/brains/IXI_Dataset/interim_copy_test/IXI495/IXI495_t2std.nii.gz
IXI496,/data-nas/brains/IXI_Dataset/interim_copy_test/IXI496/IXI496_t2std.nii.gz
IXI498,/data-nas/brains/IXI_Dataset/interim_copy_test/IXI498/IXI498_t2std.nii.gz
IXI499,/data-nas/brains/IXI_Dataset/interim_copy_test/IXI499/IXI499_t2std.nii.gz
IXI501,/data-nas/brains/IXI_Dataset/interim_copy_test/IXI501/IXI501_t2std.nii.gz
IXI502,/data-nas/brains/IXI_Dataset/interim_copy_test/IXI502/IXI502_t2std.nii.gz
IXI503,/data-nas/brains/IXI_Dataset/interim_copy_test/IXI503/IXI503_t2std.nii.gz
IXI505,/data-nas/brains/IXI_Dataset/interim_copy_test/IXI505/IXI505_t2std.nii.gz
IXI506,/data-nas/brains/IXI_Dataset/interim_copy_test/IXI506/IXI506_t2std.nii.gz
IXI507,/data-nas/brains/IXI_Dataset/interim_copy_test/IXI507/IXI507_t2std.nii.gz
IXI508,/data-nas/brains/IXI_Dataset/interim_copy_test/IXI508/IXI508_t2std.nii.gz
IXI511,/data-nas/brains/IXI_Dataset/interim_copy_test/IXI511/IXI511_t2std.nii.gz
IXI515,/data-nas/brains/IXI_Dataset/interim_copy_test/IXI515/IXI515_t2std.nii.gz
IXI516,/data-nas/brains/IXI_Dataset/interim_copy_test/IXI516/IXI516_t2std.nii.gz
IXI518,/data-nas/brains/IXI_Dataset/interim_copy_test/IXI518/IXI518_t2std.nii.gz
IXI519,/data-nas/brains/IXI_Dataset/interim_copy_test/IXI519/IXI519_t2std.nii.gz
IXI521,/data-nas/brains/IXI_Dataset/interim_copy_test/IXI521/IXI521_t2std.nii.gz
IXI522,/data-nas/brains/IXI_Dataset/interim_copy_test/IXI522/IXI522_t2std.nii.gz
IXI523,/data-nas/brains/IXI_Dataset/interim_copy_test/IXI523/IXI523_t2std.nii.gz
IXI524,/data-nas/brains/IXI_Dataset/interim_copy_test/IXI524/IXI524_t2std.nii.gz
IXI525,/data-nas/brains/IXI_Dataset/interim_copy_test/IXI525/IXI525_t2std.nii.gz
IXI526,/data-nas/brains/IXI_Dataset/interim_copy_test/IXI526/IXI526_t2std.nii.gz
IXI527,/data-nas/brains/IXI_Dataset/interim_copy_test/IXI527/IXI527_t2std.nii.gz
IXI528,/data-nas/brains/IXI_Dataset/interim_copy_test/IXI528/IXI528_t2std.nii.gz
IXI531,/data-nas/brains/IXI_Dataset/interim_copy_test/IXI531/IXI531_t2std.nii.gz
IXI533,/data-nas/brains/IXI_Dataset/interim_copy_test/IXI533/IXI533_t2std.nii.gz
IXI535,/data-nas/brains/IXI_Dataset/interim_copy_test/IXI535/IXI535_t2std.nii.gz
IXI536,/data-nas/brains/IXI_Dataset/interim_copy_test/IXI536/IXI536_t2std.nii.gz
IXI537,/data-nas/brains/IXI_Dataset/interim_copy_test/IXI537/IXI537_t2std.nii.gz
IXI538,/data-nas/brains/IXI_Dataset/interim_copy_test/IXI538/IXI538_t2std.nii.gz
IXI544,/data-nas/brains/IXI_Dataset/interim_copy_test/IXI544/IXI544_t2std.nii.gz
IXI546,/data-nas/brains/IXI_Dataset/interim_copy_test/IXI546/IXI546_t2std.nii.gz
IXI549,/data-nas/brains/IXI_Dataset/interim_copy_test/IXI549/IXI549_t2std.nii.gz
IXI550,/data-nas/brains/IXI_Dataset/interim_copy_test/IXI550/IXI550_t2std.nii.gz
IXI551,/data-nas/brains/IXI_Dataset/interim_copy_test/IXI551/IXI551_t2std.nii.gz
IXI552,/data-nas/brains/IXI_Dataset/interim_copy_test/IXI552/IXI552_t2std.nii.gz
IXI555,/data-nas/brains/IXI_Dataset/interim_copy_test/IXI555/IXI555_t2std.nii.gz
IXI556,/data-nas/brains/IXI_Dataset/interim_copy_test/IXI556/IXI556_t2std.nii.gz
IXI558,/data-nas/brains/IXI_Dataset/interim_copy_test/IXI558/IXI558_t2std.nii.gz
IXI559,/data-nas/brains/IXI_Dataset/interim_copy_test/IXI559/IXI559_t2std.nii.gz
IXI560,/data-nas/brains/IXI_Dataset/interim_copy_test/IXI560/IXI560_t2std.nii.gz
IXI562,/data-nas/brains/IXI_Dataset/interim_copy_test/IXI562/IXI562_t2std.nii.gz
IXI565,/data-nas/brains/IXI_Dataset/interim_copy_test/IXI565/IXI565_t2std.nii.gz
IXI566,/data-nas/brains/IXI_Dataset/interim_copy_test/IXI566/IXI566_t2std.nii.gz
IXI567,/data-nas/brains/IXI_Dataset/interim_copy_test/IXI567/IXI567_t2std.nii.gz
IXI568,/data-nas/brains/IXI_Dataset/interim_copy_test/IXI568/IXI568_t2std.nii.gz
IXI569,/data-nas/brains/IXI_Dataset/interim_copy_test/IXI569/IXI569_t2std.nii.gz
IXI575,/data-nas/brains/IXI_Dataset/interim_copy_test/IXI575/IXI575_t2std.nii.gz
IXI576,/data-nas/brains/IXI_Dataset/interim_copy_test/IXI576/IXI576_t2std.nii.gz
IXI577,/data-nas/brains/IXI_Dataset/interim_copy_test/IXI577/IXI577_t2std.nii.gz
IXI582,/data-nas/brains/IXI_Dataset/interim_copy_test/IXI582/IXI582_t2std.nii.gz
IXI585,/data-nas/brains/IXI_Dataset/interim_copy_test/IXI585/IXI585_t2std.nii.gz
IXI586,/data-nas/brains/IXI_Dataset/interim_copy_test/IXI586/IXI586_t2std.nii.gz
IXI587,/data-nas/brains/IXI_Dataset/interim_copy_test/IXI587/IXI587_t2std.nii.gz
IXI589,/data-nas/brains/IXI_Dataset/interim_copy_test/IXI589/IXI589_t2std.nii.gz
IXI591,/data-nas/brains/IXI_Dataset/interim_copy_test/IXI591/IXI591_t2std.nii.gz
IXI592,/data-nas/brains/IXI_Dataset/interim_copy_test/IXI592/IXI592_t2std.nii.gz
IXI594,/data-nas/brains/IXI_Dataset/interim_copy_test/IXI594/IXI594_t2std.nii.gz
IXI598,/data-nas/brains/IXI_Dataset/interim_copy_test/IXI598/IXI598_t2std.nii.gz
IXI599,/data-nas/brains/IXI_Dataset/interim_copy_test/IXI599/IXI599_t2std.nii.gz
IXI600,/data-nas/brains/IXI_Dataset/interim_copy_test/IXI600/IXI600_t2std.nii.gz
IXI601,/data-nas/brains/IXI_Dataset/interim_copy_test/IXI601/IXI601_t2std.nii.gz
IXI603,/data-nas/brains/IXI_Dataset/interim_copy_test/IXI603/IXI603_t2std.nii.gz
IXI605,/data-nas/brains/IXI_Dataset/interim_copy_test/IXI605/IXI605_t2std.nii.gz
IXI606,/data-nas/brains/IXI_Dataset/interim_copy_test/IXI606/IXI606_t2std.nii.gz
IXI608,/data-nas/brains/IXI_Dataset/interim_copy_test/IXI608/IXI608_t2std.nii.gz
IXI609,/data-nas/brains/IXI_Dataset/interim_copy_test/IXI609/IXI609_t2std.nii.gz
IXI610,/data-nas/brains/IXI_Dataset/interim_copy_test/IXI610/IXI610_t2std.nii.gz
IXI611,/data-nas/brains/IXI_Dataset/interim_copy_test/IXI611/IXI611_t2std.nii.gz
IXI612,/data-nas/brains/IXI_Dataset/interim_copy_test/IXI612/IXI612_t2std.nii.gz
IXI613,/data-nas/brains/IXI_Dataset/interim_copy_test/IXI613/IXI613_t2std.nii.gz
IXI614,/data-nas/brains/IXI_Dataset/interim_copy_test/IXI614/IXI614_t2std.nii.gz
IXI619,/data-nas/brains/IXI_Dataset/interim_copy_test/IXI619/IXI619_t2std.nii.gz
IXI621,/data-nas/brains/IXI_Dataset/interim_copy_test/IXI621/IXI621_t2std.nii.gz
IXI622,/data-nas/brains/IXI_Dataset/interim_copy_test/IXI622/IXI622_t2std.nii.gz
IXI623,/data-nas/brains/IXI_Dataset/interim_copy_test/IXI623/IXI623_t2std.nii.gz
IXI625,/data-nas/brains/IXI_Dataset/interim_copy_test/IXI625/IXI625_t2std.nii.gz
IXI626,/data-nas/brains/IXI_Dataset/interim_copy_test/IXI626/IXI626_t2std.nii.gz
IXI627,/data-nas/brains/IXI_Dataset/interim_copy_test/IXI627/IXI627_t2std.nii.gz
IXI630,/data-nas/brains/IXI_Dataset/interim_copy_test/IXI630/IXI630_t2std.nii.gz
IXI631,/data-nas/brains/IXI_Dataset/interim_copy_test/IXI631/IXI631_t2std.nii.gz
IXI632,/data-nas/brains/IXI_Dataset/interim_copy_test/IXI632/IXI632_t2std.nii.gz
IXI633,/data-nas/brains/IXI_Dataset/interim_copy_test/IXI633/IXI633_t2std.nii.gz
IXI634,/data-nas/brains/IXI_Dataset/interim_copy_test/IXI634/IXI634_t2std.nii.gz
IXI635,/data-nas/brains/IXI_Dataset/interim_copy_test/IXI635/IXI635_t2std.nii.gz
IXI636,/data-nas/brains/IXI_Dataset/interim_copy_test/IXI636/IXI636_t2std.nii.gz
IXI637,/data-nas/brains/IXI_Dataset/interim_copy_test/IXI637/IXI637_t2std.nii.gz
IXI638,/data-nas/brains/IXI_Dataset/interim_copy_test/IXI638/IXI638_t2std.nii.gz
IXI639,/data-nas/brains/IXI_Dataset/interim_copy_test/IXI639/IXI639_t2std.nii.gz
IXI641,/data-nas/brains/IXI_Dataset/interim_copy_test/IXI641/IXI641_t2std.nii.gz
IXI643,/data-nas/brains/IXI_Dataset/interim_copy_test/IXI643/IXI643_t2std.nii.gz
IXI646,/data-nas/brains/IXI_Dataset/interim_copy_test/IXI646/IXI646_t2std.nii.gz
IXI651,/data-nas/brains/IXI_Dataset/interim_copy_test/IXI651/IXI651_t2std.nii.gz
IXI661,/data-nas/brains/IXI_Dataset/interim_copy_test/IXI661/IXI661_t2std.nii.gz
